route_key,route_id,route_number,route_name,origin,destination,direction,route_label
1,6,100,Hinjawadi Maan Phase 3 to Ma Na Pa Dengle Pul Nadikathi,Hinjawadi Maan Phase 3,Ma Na Pa Dengle Pul Nadikathi,Up,100 | Hinjawadi Maan Phase 3 to Ma Na Pa Dengle Pul Nadikathi (Up)
2,7,100,Ma Na Pa Dengle Pul Nadikhathi to Hinjawadi Maan Phase 3,Ma Na Pa Dengle Pul Nadikhathi,Hinjawadi Maan Phase 3,Down,100 | Ma Na Pa Dengle Pul Nadikhathi to Hinjawadi Maan Phase 3 (Down)
3,10,103,Kothrud Depot to Katraj,Kothrud Depot,Katraj,Up,103 | Kothrud Depot to Katraj (Up)
4,13,103,Katraj to Kothrud Depot,Katraj,Kothrud Depot,Down,103 | Katraj to Kothrud Depot (Down)
5,14,104,Dsk Vishwa to Shivaji Nagar,Dsk Vishwa,Shivaji Nagar,Up,104 | Dsk Vishwa to Shivaji Nagar (Up)
6,15,104,Shivaji Nagar to Dsk Vishwa,Shivaji Nagar,Dsk Vishwa,Down,104 | Shivaji Nagar to Dsk Vishwa (Down)
7,16,107,Pimplegurav to Ganpati Matha,Pimplegurav,Ganpati Matha,Up,107 | Pimplegurav to Ganpati Matha (Up)
8,17,107,Ganpati Matha to Pimplegurav,Ganpati Matha,Pimplegurav,Down,107 | Ganpati Matha to Pimplegurav (Down)
9,18,108,Pune Station Moledina Road to Sutardara,Pune Station Moledina Road,Sutardara,Up,108 | Pune Station Moledina Road to Sutardara (Up)
10,19,108,Sutardara to Pune Station Moledina Stand,Sutardara,Pune Station Moledina Stand,Down,108 | Sutardara to Pune Station Moledina Stand (Down)
11,28,111M,Ma Na Pa Congress Bhavan to Bhekrai Nagar,Ma Na Pa Congress Bhavan,Bhekrai Nagar,Up,111M | Ma Na Pa Congress Bhavan to Bhekrai Nagar (Up)
12,29,111M,Bhekrai Nagar to Ma Na Pa Congress Bhavan,Bhekrai Nagar,Ma Na Pa Congress Bhavan,Down,111M | Bhekrai Nagar to Ma Na Pa Congress Bhavan (Down)
13,36,113,Sangvi Vasantdada Putala to Vasant Talkies,Sangvi Vasantdada Putala,Vasant Talkies,Up,113 | Sangvi Vasantdada Putala to Vasant Talkies (Up)
14,37,113,Vasant Talkies to Sangvi Vasantdada Putala,Vasant Talkies,Sangvi Vasantdada Putala,Down,113 | Vasant Talkies to Sangvi Vasantdada Putala (Down)
15,38,114,Bajirao Padale Chowk Mhalunge to Ma Na Pa Main Gate,Bajirao Padale Chowk Mhalunge,Ma Na Pa Main Gate,Up,114 | Bajirao Padale Chowk Mhalunge to Ma Na Pa Main Gate (Up)
16,39,114,Ma Na Pa Main Gate to Bajirao Padale Chowk Mhalunge,Ma Na Pa Main Gate,Bajirao Padale Chowk Mhalunge,Down,114 | Ma Na Pa Main Gate to Bajirao Padale Chowk Mhalunge (Down)
17,40,115,Hinjawadi Maan Phase 3 to Pune Station Moledina Stand,Hinjawadi Maan Phase 3,Pune Station Moledina Stand,Up,115 | Hinjawadi Maan Phase 3 to Pune Station Moledina Stand (Up)
18,41,115,Pune Station Moledina Stand to Hinjawadi Maan Phase 3,Pune Station Moledina Stand,Hinjawadi Maan Phase 3,Down,115 | Pune Station Moledina Stand to Hinjawadi Maan Phase 3 (Down)
19,45,117,Dhayareshwar Mandir to Swargate Natraj Stand,Dhayareshwar Mandir,Swargate Natraj Stand,Up,117 | Dhayareshwar Mandir to Swargate Natraj Stand (Up)
20,47,117,Swargate Natraj Stand to Dhayareshwar Mandir,Swargate Natraj Stand,Dhayareshwar Mandir,Down,117 | Swargate Natraj Stand to Dhayareshwar Mandir (Down)
21,48,118A,Suncity to Swargate Natraj Stand,Suncity,Swargate Natraj Stand,Up,118A | Suncity to Swargate Natraj Stand (Up)
22,49,118A,Swargate Natraj Stand to Suncity,Swargate Natraj Stand,Suncity,Down,118A | Swargate Natraj Stand to Suncity (Down)
23,55,118,Vadgaon Budruk Stand to Swargate Natraj Stand,Vadgaon Budruk Stand,Swargate Natraj Stand,Up,118 | Vadgaon Budruk Stand to Swargate Natraj Stand (Up)
24,57,118,Swargate Natraj Stand to Vadgaon Budruk Stand,Swargate Natraj Stand,Vadgaon Budruk Stand,Down,118 | Swargate Natraj Stand to Vadgaon Budruk Stand (Down)
25,58,119A,Charholigaon to Ma Na Pa Daphale Garage,Charholigaon,Ma Na Pa Daphale Garage,Up,119A | Charholigaon to Ma Na Pa Daphale Garage (Up)
26,59,119A,Ma Na Pa Daphale Garage to Charholigaon,Ma Na Pa Daphale Garage,Charholigaon,Down,119A | Ma Na Pa Daphale Garage to Charholigaon (Down)
27,60,119,Alandi to Ma Na Pa Daphale Garage,Alandi,Ma Na Pa Daphale Garage,Up,119 | Alandi to Ma Na Pa Daphale Garage (Up)
28,61,119,Ma Na Pa Daphale Garage to Alandi,Ma Na Pa Daphale Garage,Alandi,Down,119 | Ma Na Pa Daphale Garage to Alandi (Down)
29,62,11A,Kasarwadi Railway Station to Marketyard Depot,Kasarwadi Railway Station,Marketyard Depot,Up,11A | Kasarwadi Railway Station to Marketyard Depot (Up)
30,63,11A,Marketyard Depot to Kasarwadi Railway Station,Marketyard Depot,Kasarwadi Railway Station,Down,11A | Marketyard Depot to Kasarwadi Railway Station (Down)
31,66,11C,Pimplegurav to Katraj,Pimplegurav,Katraj,Up,11C | Pimplegurav to Katraj (Up)
32,67,11C,Katraj to Pimplegurav,Katraj,Pimplegurav,Down,11C | Katraj to Pimplegurav (Down)
33,68,11,Pimplegurav to Marketyard Depot,Pimplegurav,Marketyard Depot,Up,11 | Pimplegurav to Marketyard Depot (Up)
34,69,11,Marketyard Depot to Pimplegurav,Marketyard Depot,Pimplegurav,Down,11 | Marketyard Depot to Pimplegurav (Down)
35,70,120,Endurance Systems Chakan Mahalunge to Bhosari Chakan Road,Endurance Systems Chakan Mahalunge,Bhosari Chakan Road,Up,120 | Endurance Systems Chakan Mahalunge to Bhosari Chakan Road (Up)
36,71,120,Bhosari Chakan Road to Endurance Systems Chakan Mahalunge,Bhosari Chakan Road,Endurance Systems Chakan Mahalunge,Down,120 | Bhosari Chakan Road to Endurance Systems Chakan Mahalunge (Down)
37,72,121,Bhosari Terminal to Ma Na Pa Main Stand,Bhosari Terminal,Ma Na Pa Main Stand,Up,121 | Bhosari Terminal to Ma Na Pa Main Stand (Up)
38,73,121,Ma Na Pa Main Stand to Bhosari Terminal,Ma Na Pa Main Stand,Bhosari Terminal,Down,121 | Ma Na Pa Main Stand to Bhosari Terminal (Down)
39,78,122,Chinchwadgaon to Ma Na Pa Main Stand,Chinchwadgaon,Ma Na Pa Main Stand,Up,122 | Chinchwadgaon to Ma Na Pa Main Stand (Up)
40,79,122,Ma Na Pa Main Stand to Chinchwadgaon,Ma Na Pa Main Stand,Chinchwadgaon,Down,122 | Ma Na Pa Main Stand to Chinchwadgaon (Down)
41,80,123,Nigdi Bhakti Shakti to Ma Na Pa Main Stand,Nigdi Bhakti Shakti,Ma Na Pa Main Stand,Up,123 | Nigdi Bhakti Shakti to Ma Na Pa Main Stand (Up)
42,81,123,Ma Na Pa Main Stand to Nigdi Bhakti Shakti,Ma Na Pa Main Stand,Nigdi Bhakti Shakti,Down,123 | Ma Na Pa Main Stand to Nigdi Bhakti Shakti (Down)
43,82,124,Neilsoft Company infosys Phase 3 to Aundhgaon,Neilsoft Company infosys Phase 3,Aundhgaon,Up,124 | Neilsoft Company infosys Phase 3 to Aundhgaon (Up)
44,83,124,Aundhgaon to Neilsoft Company infosys Phase 3,Aundhgaon,Neilsoft Company infosys Phase 3,Down,124 | Aundhgaon to Neilsoft Company infosys Phase 3 (Down)
45,96,126,Pimple Nilakh to Bopkhel,Pimple Nilakh,Bopkhel,Up,126 | Pimple Nilakh to Bopkhel (Up)
46,100,126,Bopkhel to Pimple Nilakh,Bopkhel,Pimple Nilakh,Down,126 | Bopkhel to Pimple Nilakh (Down)
47,102,12,Shivaji Nagar to Upper Depot,Shivaji Nagar,Upper Depot,Up,12 | Shivaji Nagar to Upper Depot (Up)
48,103,12,Upper Depot to Shivaji Nagar,Upper Depot,Shivaji Nagar,Down,12 | Upper Depot to Shivaji Nagar (Down)
49,110,130,Swargate to Narhegaon,Swargate,Narhegaon,Up,130 | Swargate to Narhegaon (Up)
50,111,130,Narhegaon to Swargate,Narhegaon,Swargate,Down,130 | Narhegaon to Swargate (Down)
51,112,131,Golegaon Gram Panchayat to Ma Na Pa Dengle Pul Nadikhathi,Golegaon Gram Panchayat,Ma Na Pa Dengle Pul Nadikhathi,Up,131 | Golegaon Gram Panchayat to Ma Na Pa Dengle Pul Nadikhathi (Up)
52,113,131,Ma Na Pa Dengle Pul Nadikathi to Golegaon Gram Panchayat,Ma Na Pa Dengle Pul Nadikathi,Golegaon Gram Panchayat,Down,131 | Ma Na Pa Dengle Pul Nadikathi to Golegaon Gram Panchayat (Down)
53,114,132,Shubham Society Nagar Road to Ma Na Pa Shramik Bhavan,Shubham Society Nagar Road,Ma Na Pa Shramik Bhavan,Up,132 | Shubham Society Nagar Road to Ma Na Pa Shramik Bhavan (Up)
54,115,132,Ma Na Pa Shramik Bhavan to Shubham Society Nagar Road,Ma Na Pa Shramik Bhavan,Shubham Society Nagar Road,Down,132 | Ma Na Pa Shramik Bhavan to Shubham Society Nagar Road (Down)
55,116,133A,Columbia Hospital to Ma Na Pa Shramik Bhavan,Columbia Hospital,Ma Na Pa Shramik Bhavan,Up,133A | Columbia Hospital to Ma Na Pa Shramik Bhavan (Up)
56,117,133A,Ma Na Pa Shramik Bhavan to Columbia Hospital,Ma Na Pa Shramik Bhavan,Columbia Hospital,Down,133A | Ma Na Pa Shramik Bhavan to Columbia Hospital (Down)
57,118,133,Anand Park Vadgaon Sheri Road to Ma Na Pa Shramik Bhavan,Anand Park Vadgaon Sheri Road,Ma Na Pa Shramik Bhavan,Up,133 | Anand Park Vadgaon Sheri Road to Ma Na Pa Shramik Bhavan (Up)
58,119,133,Ma Na Pa Shramik Bhavan to Anand Park Vadgaon Sheri Road,Ma Na Pa Shramik Bhavan,Anand Park Vadgaon Sheri Road,Down,133 | Ma Na Pa Shramik Bhavan to Anand Park Vadgaon Sheri Road (Down)
59,124,135,Ranjangaon Sandas to Ma Na Pa Shramik Bhavan,Ranjangaon Sandas,Ma Na Pa Shramik Bhavan,Up,135 | Ranjangaon Sandas to Ma Na Pa Shramik Bhavan (Up)
60,125,135,Ma Na Pa Shramik Bhavan to Ranjangaon Sandas,Ma Na Pa Shramik Bhavan,Ranjangaon Sandas,Down,135 | Ma Na Pa Shramik Bhavan to Ranjangaon Sandas (Down)
61,126,136,Vadegaon to Kesnand Phata Wagholi,Vadegaon,Kesnand Phata Wagholi,Up,136 | Vadegaon to Kesnand Phata Wagholi (Up)
62,127,136,Wagholi Kesnand Phata to Vadegaon,Wagholi Kesnand Phata,Vadegaon,Down,136 | Wagholi Kesnand Phata to Vadegaon (Down)
63,130,137,Pargaon Salu Malu to Ma Na Pa Shramik Bhavan,Pargaon Salu Malu,Ma Na Pa Shramik Bhavan,Up,137 | Pargaon Salu Malu to Ma Na Pa Shramik Bhavan (Up)
64,131,137,Ma Na Pa Shramik Bhavan to Pargaon Salu Malu,Ma Na Pa Shramik Bhavan,Pargaon Salu Malu,Down,137 | Ma Na Pa Shramik Bhavan to Pargaon Salu Malu (Down)
65,134,139A,Nigdi Bhakti Shakti Stand to Bhekrai Nagar,Nigdi Bhakti Shakti Stand,Bhekrai Nagar,Up,139A | Nigdi Bhakti Shakti Stand to Bhekrai Nagar (Up)
66,135,139A,Bhekrai Nagar to Nigdi Bhakti Shakti Stand,Bhekrai Nagar,Nigdi Bhakti Shakti Stand,Down,139A | Bhekrai Nagar to Nigdi Bhakti Shakti Stand (Down)
67,138,139,Nigdi Bhakti Shakti to Shewalewadi Depot,Nigdi Bhakti Shakti,Shewalewadi Depot,Up,139 | Nigdi Bhakti Shakti to Shewalewadi Depot (Up)
68,139,139,Shewalewadi Depot to Nigdi Bhakti Shakti,Shewalewadi Depot,Nigdi Bhakti Shakti,Down,139 | Shewalewadi Depot to Nigdi Bhakti Shakti (Down)
69,142,13,Shivaji Nagar to Upper Depot,Shivaji Nagar,Upper Depot,Up,13 | Shivaji Nagar to Upper Depot (Up)
70,145,13,Upper Depot to Shivaji Nagar,Upper Depot,Shivaji Nagar,Down,13 | Upper Depot to Shivaji Nagar (Down)
71,146,140A,Pune Station Jayprakash Stand to Katraj Kondhwa Road,Pune Station Jayprakash Stand,Katraj Kondhwa Road,Up,140A | Pune Station Jayprakash Stand to Katraj Kondhwa Road (Up)
72,147,140A,Katraj Kondhwa Road to Pune Station Jayprakash Stand,Katraj Kondhwa Road,Pune Station Jayprakash Stand,Down,140A | Katraj Kondhwa Road to Pune Station Jayprakash Stand (Down)
73,148,140,Pune Station Jayprakash Stand to Upper Depot,Pune Station Jayprakash Stand,Upper Depot,Up,140 | Pune Station Jayprakash Stand to Upper Depot (Up)
74,149,140,Upper Depot to Pune Station Jayprakash Stand,Upper Depot,Pune Station Jayprakash Stand,Down,140 | Upper Depot to Pune Station Jayprakash Stand (Down)
75,150,141,Pune Station Jayprakash Stand to Kumar Pruthvi Kondhwa,Pune Station Jayprakash Stand,Kumar Pruthvi Kondhwa,Up,141 | Pune Station Jayprakash Stand to Kumar Pruthvi Kondhwa (Up)
76,151,141,Kumar Pruthvi Kondhwa to Pune Station Jayprakash Stand,Kumar Pruthvi Kondhwa,Pune Station Jayprakash Stand,Down,141 | Kumar Pruthvi Kondhwa to Pune Station Jayprakash Stand (Down)
77,152,142,Ghotawade Phata to Pune Station Moledina Stand,Ghotawade Phata,Pune Station Moledina Stand,Up,142 | Ghotawade Phata to Pune Station Moledina Stand (Up)
78,153,142,Pune Station Depot to Ghotawade Phata,Pune Station Depot,Ghotawade Phata,Down,142 | Pune Station Depot to Ghotawade Phata (Down)
79,154,143,Pune Station Moledina Stand to Galinde Path,Pune Station Moledina Stand,Galinde Path,Up,143 | Pune Station Moledina Stand to Galinde Path (Up)
80,155,143,Galinde Path to Pune Station Moledina Stand,Galinde Path,Pune Station Moledina Stand,Down,143 | Galinde Path to Pune Station Moledina Stand (Down)
81,158,144A,Pune Station Moledina Stand to Aditya Garden City,Pune Station Moledina Stand,Aditya Garden City,Up,144A | Pune Station Moledina Stand to Aditya Garden City (Up)
82,159,144A,Aditya Garden City to Pune Station Moledina Stand,Aditya Garden City,Pune Station Moledina Stand,Down,144A | Aditya Garden City to Pune Station Moledina Stand (Down)
83,162,144,Pune Station Moledina Stand to Nda 10 No. Gate,Pune Station Moledina Stand,Nda 10 No. Gate,Up,144 | Pune Station Moledina Stand to Nda 10 No. Gate (Up)
84,165,144,Nda 10 No. Gate to Pune Station Moledina Stand,Nda 10 No. Gate,Pune Station Moledina Stand,Down,144 | Nda 10 No. Gate to Pune Station Moledina Stand (Down)
85,166,145,Sutarwadi Depot to Pune Station Depot,Sutarwadi Depot,Pune Station Depot,Up,145 | Sutarwadi Depot to Pune Station Depot (Up)
86,167,145,Pune Station Depot to Sutarwadi Depot,Pune Station Depot,Sutarwadi Depot,Down,145 | Pune Station Depot to Sutarwadi Depot (Down)
87,168,146,Gokhale Nagar Police Line to Pune Station Jayprakash Stand,Gokhale Nagar Police Line,Pune Station Jayprakash Stand,Up,146 | Gokhale Nagar Police Line to Pune Station Jayprakash Stand (Up)
88,169,146,Pune Station Jayprakash Stand to Gokhale Nagar Police Line,Pune Station Jayprakash Stand,Gokhale Nagar Police Line,Down,146 | Pune Station Jayprakash Stand to Gokhale Nagar Police Line (Down)
89,170,147,Nhavi Sandas to Ma Na Pa Shramik Bhavan,Nhavi Sandas,Ma Na Pa Shramik Bhavan,Up,147 | Nhavi Sandas to Ma Na Pa Shramik Bhavan (Up)
90,171,147,Ma Na Pa Shramik Bhavan to Nhavi Sandas,Ma Na Pa Shramik Bhavan,Nhavi Sandas,Down,147 | Ma Na Pa Shramik Bhavan to Nhavi Sandas (Down)
91,174,148A,Bhosari Terminal to Bhekrai Nagar,Bhosari Terminal,Bhekrai Nagar,Up,148A | Bhosari Terminal to Bhekrai Nagar (Up)
92,175,148A,Bhekrai Nagar to Bhosari Terminal,Bhekrai Nagar,Bhosari Terminal,Down,148A | Bhekrai Nagar to Bhosari Terminal (Down)
93,176,148,Pimplegurav to Shewalewadi Depot,Pimplegurav,Shewalewadi Depot,Up,148 | Pimplegurav to Shewalewadi Depot (Up)
94,177,148,Shewalewadi Depot to Pimplegurav,Shewalewadi Depot,Pimplegurav,Down,148 | Shewalewadi Depot to Pimplegurav (Down)
95,178,149,Nigdi Bhakti Shakti Stand to Hadapsar Gadital,Nigdi Bhakti Shakti Stand,Hadapsar Gadital,Up,149 | Nigdi Bhakti Shakti Stand to Hadapsar Gadital (Up)
96,179,149,Hadapsar Gadital to Nigdi Bhakti Shakti Stand,Hadapsar Gadital,Nigdi Bhakti Shakti Stand,Down,149 | Hadapsar Gadital to Nigdi Bhakti Shakti Stand (Down)
97,182,151,Alandi to Pune Station Moledina Stand,Alandi,Pune Station Moledina Stand,Up,151 | Alandi to Pune Station Moledina Stand (Up)
98,183,151,Pune Station Moledina Stand to Alandi,Pune Station Moledina Stand,Alandi,Down,151 | Pune Station Moledina Stand to Alandi (Down)
99,191,152,Lohegaon to Ma Na Pa Daphale Garage,Lohegaon,Ma Na Pa Daphale Garage,Up,152 | Lohegaon to Ma Na Pa Daphale Garage (Up)
100,194,152,Ma Na Pa Daphale Garage to Dimond Water Park,Ma Na Pa Daphale Garage,Dimond Water Park,Down,152 | Ma Na Pa Daphale Garage to Dimond Water Park (Down)
101,195,153,Alandi to Kharadi Gaon,Alandi,Kharadi Gaon,Up,153 | Alandi to Kharadi Gaon (Up)
102,196,153,Kharadi Gaon to Alandi,Kharadi Gaon,Alandi,Down,153 | Kharadi Gaon to Alandi (Down)
103,197,154,Dimond Water Park to Pune Station Moledina Stand,Dimond Water Park,Pune Station Moledina Stand,Up,154 | Dimond Water Park to Pune Station Moledina Stand (Up)
104,198,154,Pune Station Moledina Stand to Dimond Water Park,Pune Station Moledina Stand,Dimond Water Park,Down,154 | Pune Station Moledina Stand to Dimond Water Park (Down)
105,199,155,Dimond Water Park to Pune Station Moledina Stand,Dimond Water Park,Pune Station Moledina Stand,Up,155 | Dimond Water Park to Pune Station Moledina Stand (Up)
106,200,155,Pune Station Moledina Stand to Dimond Water Park,Pune Station Moledina Stand,Dimond Water Park,Down,155 | Pune Station Moledina Stand to Dimond Water Park (Down)
107,205,157,JSPM Vidhyapith Wagholi to Ma Na Pa Shramik Bhavan,JSPM Vidhyapith Wagholi,Ma Na Pa Shramik Bhavan,Up,157 | JSPM Vidhyapith Wagholi to Ma Na Pa Shramik Bhavan (Up)
108,206,157,Ma Na Pa Shramik Bhavan to JSPM Vidhyapith Wagholi,Ma Na Pa Shramik Bhavan,JSPM Vidhyapith Wagholi,Down,157 | Ma Na Pa Shramik Bhavan to JSPM Vidhyapith Wagholi (Down)
109,207,158A,Dimond Water Park to Ma Na Pa Dengle Pul Nadikathi,Dimond Water Park,Ma Na Pa Dengle Pul Nadikathi,Up,158A | Dimond Water Park to Ma Na Pa Dengle Pul Nadikathi (Up)
110,208,158A,Ma Na Pa Dengle Pul Nadikhathi to Dimond Water Park,Ma Na Pa Dengle Pul Nadikhathi,Dimond Water Park,Down,158A | Ma Na Pa Dengle Pul Nadikhathi to Dimond Water Park (Down)
111,213,158,Prime City Charholi to Ma Na Pa Dengle Pul Nadikathi,Prime City Charholi,Ma Na Pa Dengle Pul Nadikathi,Up,158 | Prime City Charholi to Ma Na Pa Dengle Pul Nadikathi (Up)
112,214,158,Ma Na Pa Dengle Pul Nadikhathi to Prime City Charholi,Ma Na Pa Dengle Pul Nadikhathi,Prime City Charholi,Down,158 | Ma Na Pa Dengle Pul Nadikhathi to Prime City Charholi (Down)
113,217,159B,Loni Dhamni to Ma Na Pa Shramik Bhavan,Loni Dhamni,Ma Na Pa Shramik Bhavan,Up,159B | Loni Dhamni to Ma Na Pa Shramik Bhavan (Up)
114,218,159B,Ma Na Pa Shramik Bhavan to Loni Dhamni,Ma Na Pa Shramik Bhavan,Loni Dhamni,Down,159B | Ma Na Pa Shramik Bhavan to Loni Dhamni (Down)
115,221,159,Talegaon Dhamdhere Bazar to Ma Na Pa Shramik Bhavan,Talegaon Dhamdhere Bazar,Ma Na Pa Shramik Bhavan,Up,159 | Talegaon Dhamdhere Bazar to Ma Na Pa Shramik Bhavan (Up)
116,222,159,Ma Na Pa Shramik Bhavan to Talegaon Dhamdhere Bazar,Ma Na Pa Shramik Bhavan,Talegaon Dhamdhere Bazar,Down,159 | Ma Na Pa Shramik Bhavan to Talegaon Dhamdhere Bazar (Down)
117,223,15,Dsk Vishwa to Bhekrai Nagar,Dsk Vishwa,Bhekrai Nagar,Up,15 | Dsk Vishwa to Bhekrai Nagar (Up)
118,224,15,Bhekrai Nagar to Dsk Vishwa,Bhekrai Nagar,Dsk Vishwa,Down,15 | Bhekrai Nagar to Dsk Vishwa (Down)
119,225,160,Manjari Budruk to Shaniwarwada Stand,Manjari Budruk,Shaniwarwada Stand,Up,160 | Manjari Budruk to Shaniwarwada Stand (Up)
120,226,160,Shaniwarwada Stand to Manjari Budruk,Shaniwarwada Stand,Manjari Budruk,Down,160 | Shaniwarwada Stand to Manjari Budruk (Down)
121,234,161,Zilla Parishad Shala Karegaon to Kesnand Phata Wagholi,Zilla Parishad Shala Karegaon,Kesnand Phata Wagholi,Up,161 | Zilla Parishad Shala Karegaon to Kesnand Phata Wagholi (Up)
122,236,161,Wagholi Kesnand Phata to Zilla Parishad Shala Karegaon,Wagholi Kesnand Phata,Zilla Parishad Shala Karegaon,Down,161 | Wagholi Kesnand Phata to Zilla Parishad Shala Karegaon (Down)
123,237,162,Pabal Gaon to Ma Na Pa Shramik Bhavan,Pabal Gaon,Ma Na Pa Shramik Bhavan,Up,162 | Pabal Gaon to Ma Na Pa Shramik Bhavan (Up)
124,238,162,Ma Na Pa Shramik Bhavan to Pabal Gaon,Ma Na Pa Shramik Bhavan,Pabal Gaon,Down,162 | Ma Na Pa Shramik Bhavan to Pabal Gaon (Down)
125,241,163,Dhole Patil Collage to Pune Station Ambedkar Putala,Dhole Patil Collage,Pune Station Ambedkar Putala,Up,163 | Dhole Patil Collage to Pune Station Ambedkar Putala (Up)
126,242,163,Pune Station Ambedkar Putala to Dhole Patil Collage,Pune Station Ambedkar Putala,Dhole Patil Collage,Down,163 | Pune Station Ambedkar Putala to Dhole Patil Collage (Down)
127,245,164,Nhavare to Ma Na Pa Shramik Bhavan,Nhavare,Ma Na Pa Shramik Bhavan,Up,164 | Nhavare to Ma Na Pa Shramik Bhavan (Up)
128,246,164,Ma Na Pa Shramik Bhavan to Nhavare,Ma Na Pa Shramik Bhavan,Nhavare,Down,164 | Ma Na Pa Shramik Bhavan to Nhavare (Down)
129,247,165,Vadgaon Sheri to Ma Na Pa Dengle Pul Nadikhathi,Vadgaon Sheri,Ma Na Pa Dengle Pul Nadikhathi,Up,165 | Vadgaon Sheri to Ma Na Pa Dengle Pul Nadikhathi (Up)
130,248,165,Ma Na Pa Dengle Pul Nadikathi to Vadgaon Sheri,Ma Na Pa Dengle Pul Nadikathi,Vadgaon Sheri,Down,165 | Ma Na Pa Dengle Pul Nadikathi to Vadgaon Sheri (Down)
131,255,166,Lohgaon Airport to Pune Station Ambedkar Putala,Lohgaon Airport,Pune Station Ambedkar Putala,Up,166 | Lohgaon Airport to Pune Station Ambedkar Putala (Up)
132,256,166,Pune Station Ambedkar Putala to Lohegaon Airport,Pune Station Ambedkar Putala,Lohegaon Airport,Down,166 | Pune Station Ambedkar Putala to Lohegaon Airport (Down)
133,259,167,Kesnand Phata Wagholi to Bhekrai Nagar,Kesnand Phata Wagholi,Bhekrai Nagar,Up,167 | Kesnand Phata Wagholi to Bhekrai Nagar (Up)
134,262,167,Bhekrai Nagar to Wagholi Kesnand Phata,Bhekrai Nagar,Wagholi Kesnand Phata,Down,167 | Bhekrai Nagar to Wagholi Kesnand Phata (Down)
135,265,168,Keshav Nagar to Shaniwarwada Stand,Keshav Nagar,Shaniwarwada Stand,Up,168 | Keshav Nagar to Shaniwarwada Stand (Up)
136,266,168,Shaniwarwada Stand to Keshav Nagar,Shaniwarwada Stand,Keshav Nagar,Down,168 | Shaniwarwada Stand to Keshav Nagar (Down)
137,267,169,Keshav Nagar to Shaniwarwada Stand,Keshav Nagar,Shaniwarwada Stand,Up,169 | Keshav Nagar to Shaniwarwada Stand (Up)
138,270,169,Shaniwarwada Stand to Keshav Nagar,Shaniwarwada Stand,Keshav Nagar,Down,169 | Shaniwarwada Stand to Keshav Nagar (Down)
139,279,172,Pune Station Jayprakash Stand to Yewalewadi,Pune Station Jayprakash Stand,Yewalewadi,Up,172 | Pune Station Jayprakash Stand to Yewalewadi (Up)
140,280,172,Yewalewadi to Pune Station Jayprakash Stand,Yewalewadi,Pune Station Jayprakash Stand,Down,172 | Yewalewadi to Pune Station Jayprakash Stand (Down)
141,281,174,Nda 10 No. Gate to Pune Station Moledina Stand,Nda 10 No. Gate,Pune Station Moledina Stand,Up,174 | Nda 10 No. Gate to Pune Station Moledina Stand (Up)
142,282,174,Pune Station Moledina Stand to Nda 10 No. Gate,Pune Station Moledina Stand,Nda 10 No. Gate,Down,174 | Pune Station Moledina Stand to Nda 10 No. Gate (Down)
143,285,175,Hadapsar Gadital to Shaniwarwada Stand,Hadapsar Gadital,Shaniwarwada Stand,Up,175 | Hadapsar Gadital to Shaniwarwada Stand (Up)
144,286,175,Shaniwarwada Stand to Hadapsar Gadital,Shaniwarwada Stand,Hadapsar Gadital,Down,175 | Shaniwarwada Stand to Hadapsar Gadital (Down)
145,287,176,Vadachi Wadi to Pune Station Depot,Vadachi Wadi,Pune Station Depot,Up,176 | Vadachi Wadi to Pune Station Depot (Up)
146,288,176,Pune Station Depot to Vadachi Wadi,Pune Station Depot,Vadachi Wadi,Down,176 | Pune Station Depot to Vadachi Wadi (Down)
147,291,177,Bhangire Nagar Mahamadwadi to Pune Station Depot,Bhangire Nagar Mahamadwadi,Pune Station Depot,Up,177 | Bhangire Nagar Mahamadwadi to Pune Station Depot (Up)
148,292,177,Pune Station Depot to Bhangire Nagar Mahamadwadi,Pune Station Depot,Bhangire Nagar Mahamadwadi,Down,177 | Pune Station Depot to Bhangire Nagar Mahamadwadi (Down)
149,293,179,Lohegaon Khandoba Mal to Hadapsar Gadital,Lohegaon Khandoba Mal,Hadapsar Gadital,Up,179 | Lohegaon Khandoba Mal to Hadapsar Gadital (Up)
150,294,179,Hadapsar Gadital to Lohegaon Khandoba Mal,Hadapsar Gadital,Lohegaon Khandoba Mal,Down,179 | Hadapsar Gadital to Lohegaon Khandoba Mal (Down)
151,297,17,Narhegaon to Shivaji Nagar,Narhegaon,Shivaji Nagar,Up,17 | Narhegaon to Shivaji Nagar (Up)
152,298,17,Shivaji Nagar to Narhegaon,Shivaji Nagar,Narhegaon,Down,17 | Shivaji Nagar to Narhegaon (Down)
153,299,180,Bhekrai Nagar to Na Ta Wadi,Bhekrai Nagar,Na Ta Wadi,Up,180 | Bhekrai Nagar to Na Ta Wadi (Up)
154,300,180,Na Ta Wadi to Bhekrai Nagar,Na Ta Wadi,Bhekrai Nagar,Down,180 | Na Ta Wadi to Bhekrai Nagar (Down)
155,311,183,Wagholi Kesnand Phata to Hadapsar Gadital Solapur Road,Wagholi Kesnand Phata,Hadapsar Gadital Solapur Road,Up,183 | Wagholi Kesnand Phata to Hadapsar Gadital Solapur Road (Up)
156,312,183,Hadapsar Gadital Solapur Road to Wagholi Kesnand Phata,Hadapsar Gadital Solapur Road,Wagholi Kesnand Phata,Down,183 | Hadapsar Gadital Solapur Road to Wagholi Kesnand Phata (Down)
157,313,184,Ramdara to Hadapsar Gadital Solapur Road,Ramdara,Hadapsar Gadital Solapur Road,Up,184 | Ramdara to Hadapsar Gadital Solapur Road (Up)
158,314,184,Hadapsar Gadital Solapur Road to Ramdara,Hadapsar Gadital Solapur Road,Ramdara,Down,184 | Hadapsar Gadital Solapur Road to Ramdara (Down)
159,315,185,Kesnand Phata Wagholi to Hadapsar Gadital,Kesnand Phata Wagholi,Hadapsar Gadital,Up,185 | Kesnand Phata Wagholi to Hadapsar Gadital (Up)
160,316,185,Hadapsar Gadital to Wagholi Kesnand Phata,Hadapsar Gadital,Wagholi Kesnand Phata,Down,185 | Hadapsar Gadital to Wagholi Kesnand Phata (Down)
161,321,188,Katraj Kondhwa Road to Hadapsar Gadital,Katraj Kondhwa Road,Hadapsar Gadital,Up,188 | Katraj Kondhwa Road to Hadapsar Gadital (Up)
162,322,188,Hadapsar Gadital to Katraj Kondhwa Road,Hadapsar Gadital,Katraj Kondhwa Road,Down,188 | Hadapsar Gadital to Katraj Kondhwa Road (Down)
163,323,189,Dhangar Vasti to Hadapsar Gadital,Dhangar Vasti,Hadapsar Gadital,Up,189 | Dhangar Vasti to Hadapsar Gadital (Up)
164,324,189,Hadapsar Gadital to Dhangar Vasti,Hadapsar Gadital,Dhangar Vasti,Down,189 | Hadapsar Gadital to Dhangar Vasti (Down)
165,327,192,Vadachi Wadi to Hadapsar Gadital,Vadachi Wadi,Hadapsar Gadital,Up,192 | Vadachi Wadi to Hadapsar Gadital (Up)
166,328,192,Hadapsar Gadital to Vadachi Wadi,Hadapsar Gadital,Vadachi Wadi,Down,192 | Hadapsar Gadital to Vadachi Wadi (Down)
167,331,193,Khutbav Gaon to Hadapsar Gadital Solapur Road,Khutbav Gaon,Hadapsar Gadital Solapur Road,Up,193 | Khutbav Gaon to Hadapsar Gadital Solapur Road (Up)
168,332,193,Hadapsar Gadital Solapur Road to Khutbav Gaon,Hadapsar Gadital Solapur Road,Khutbav Gaon,Down,193 | Hadapsar Gadital Solapur Road to Khutbav Gaon (Down)
169,335,195,Holkarwadi to Hadapsar Gadital,Holkarwadi,Hadapsar Gadital,Up,195 | Holkarwadi to Hadapsar Gadital (Up)
170,336,195,Hadapsar Gadital to Holkarwadi,Hadapsar Gadital,Holkarwadi,Down,195 | Hadapsar Gadital to Holkarwadi (Down)
171,345,199,Shewalewadi Depot to Kothrud Depot,Shewalewadi Depot,Kothrud Depot,Up,199 | Shewalewadi Depot to Kothrud Depot (Up)
172,346,199,Kothrud Depot to Shewalewadi Depot,Kothrud Depot,Shewalewadi Depot,Down,199 | Kothrud Depot to Shewalewadi Depot (Down)
173,347,19A,Swargate to Yewalewadi,Swargate,Yewalewadi,Up,19A | Swargate to Yewalewadi (Up)
174,348,19A,Yewalewadi to Swargate,Yewalewadi,Swargate,Down,19A | Yewalewadi to Swargate (Down)
175,351,19,Swargate to Yewalewadi,Swargate,Yewalewadi,Up,19 | Swargate to Yewalewadi (Up)
176,352,19,Yewalewadi to Swargate,Yewalewadi,Swargate,Down,19 | Yewalewadi to Swargate (Down)
177,355,200,Alandi to Shewalewadi Depot,Alandi,Shewalewadi Depot,Up,200 | Alandi to Shewalewadi Depot (Up)
178,356,200,Shewalewadi Depot to Alandi,Shewalewadi Depot,Alandi,Down,200 | Shewalewadi Depot to Alandi (Down)
179,357,201,Alandi to Bhekrai Nagar,Alandi,Bhekrai Nagar,Up,201 | Alandi to Bhekrai Nagar (Up)
180,358,201,Bhekrai Nagar to Alandi,Bhekrai Nagar,Alandi,Down,201 | Bhekrai Nagar to Alandi (Down)
181,359,202,Ganpati Matha to Shewalewadi Depot,Ganpati Matha,Shewalewadi Depot,Up,202 | Ganpati Matha to Shewalewadi Depot (Up)
182,360,202,Shewalewadi Depot to Ganpati Matha,Shewalewadi Depot,Ganpati Matha,Down,202 | Shewalewadi Depot to Ganpati Matha (Down)
183,364,203,Shewalewadi Depot to Pune Station Moledina Stand,Shewalewadi Depot,Pune Station Moledina Stand,Down,203 | Shewalewadi Depot to Pune Station Moledina Stand (Down)
184,365,204,Chinchwadgaon to Bhekrai Nagar,Chinchwadgaon,Bhekrai Nagar,Up,204 | Chinchwadgaon to Bhekrai Nagar (Up)
185,366,204,Bhekrai Nagar to Chinchwadgaon Aundh Road / Chinchwadgaon,Bhekrai Nagar,Chinchwadgaon Aundh Road / Chinchwadgaon,Down,204 | Bhekrai Nagar to Chinchwadgaon Aundh Road / Chinchwadgaon (Down)
186,367,205,Sangvi Vasantdada Putala to Shewalewadi Depot,Sangvi Vasantdada Putala,Shewalewadi Depot,Up,205 | Sangvi Vasantdada Putala to Shewalewadi Depot (Up)
187,368,205,Shewalewadi Depot to Sangvi Vasantdada Putala,Shewalewadi Depot,Sangvi Vasantdada Putala,Down,205 | Shewalewadi Depot to Sangvi Vasantdada Putala (Down)
188,371,207A,Saswad to Hadapsar Gadital,Saswad,Hadapsar Gadital,Up,207A | Saswad to Hadapsar Gadital (Up)
189,372,207A,Hadapsar Gadital to Saswad,Hadapsar Gadital,Saswad,Down,207A | Hadapsar Gadital to Saswad (Down)
190,373,207,Saswad to Swargate,Saswad,Swargate,Up,207 | Saswad to Swargate (Up)
191,379,207,Swargate to Saswad,Swargate,Saswad,Down,207 | Swargate to Saswad (Down)
192,380,208,Hinjawadi Maan Phase 3 to Bhekrai Nagar,Hinjawadi Maan Phase 3,Bhekrai Nagar,Up,208 | Hinjawadi Maan Phase 3 to Bhekrai Nagar (Up)
193,381,208,Bhekrai Nagar to Hinjawadi Maan Phase 3,Bhekrai Nagar,Hinjawadi Maan Phase 3,Down,208 | Bhekrai Nagar to Hinjawadi Maan Phase 3 (Down)
194,382,209A,Saswad to Swargate,Saswad,Swargate,Up,209A | Saswad to Swargate (Up)
195,383,209A,Swargate to Saswad,Swargate,Saswad,Down,209A | Swargate to Saswad (Down)
196,386,209,Saswad to Katraj Kondhwa Road,Saswad,Katraj Kondhwa Road,Up,209 | Saswad to Katraj Kondhwa Road (Up)
197,387,209,Katraj Kondhwa Road to Saswad,Katraj Kondhwa Road,Saswad,Down,209 | Katraj Kondhwa Road to Saswad (Down)
198,392,210,Midc Jejuri to Hadapsar Gadital,Midc Jejuri,Hadapsar Gadital,Up,210 | Midc Jejuri to Hadapsar Gadital (Up)
199,393,210,Hadapsar Gadital to Midc Jejuri,Hadapsar Gadital,Midc Jejuri,Down,210 | Hadapsar Gadital to Midc Jejuri (Down)
200,1274,211,Uruli Kanchan to Saswad,Uruli Kanchan,Saswad,Up,211 | Uruli Kanchan to Saswad (Up)
201,1275,211,Saswad to Uruli Kanchan,Saswad,Uruli Kanchan,Down,211 | Saswad to Uruli Kanchan (Down)
202,396,212,Morgaon St Stand to Hadapsar Gadital,Morgaon St Stand,Hadapsar Gadital,Up,212 | Morgaon St Stand to Hadapsar Gadital (Up)
203,397,212,Hadapsar Gadital to Morgaon St Stand,Hadapsar Gadital,Morgaon St Stand,Down,212 | Hadapsar Gadital to Morgaon St Stand (Down)
204,400,213,Nira to Hadapsar Gadital,Nira,Hadapsar Gadital,Up,213 | Nira to Hadapsar Gadital (Up)
205,401,213,Hadapsar Gadital to Nira,Hadapsar Gadital,Nira,Down,213 | Hadapsar Gadital to Nira (Down)
206,402,214,Shingad Collage Ambegaon to Katraj,Shingad Collage Ambegaon,Katraj,Up,214 | Shingad Collage Ambegaon to Katraj (Up)
207,403,214,Katraj to Shingad Collage Ambegaon,Katraj,Shingad Collage Ambegaon,Down,214 | Katraj to Shingad Collage Ambegaon (Down)
208,404,215,Swargate to Chintamani Dnyanpith,Swargate,Chintamani Dnyanpith,Up,215 | Swargate to Chintamani Dnyanpith (Up)
209,405,215,Chintamani Dnyanpith to Swargate,Chintamani Dnyanpith,Swargate,Down,215 | Chintamani Dnyanpith to Swargate (Down)
210,410,216,Shivaji Nagar to Bharati Vidyapeeth,Shivaji Nagar,Bharati Vidyapeeth,Up,216 | Shivaji Nagar to Bharati Vidyapeeth (Up)
211,411,216,Bharati Vidyapeeth to Shivaji Nagar,Bharati Vidyapeeth,Shivaji Nagar,Down,216 | Bharati Vidyapeeth to Shivaji Nagar (Down)
212,414,219,Alandi to Kothrud Depot,Alandi,Kothrud Depot,Up,219 | Alandi to Kothrud Depot (Up)
213,415,219,Kothrud Depot to Alandi,Kothrud Depot,Alandi,Down,219 | Kothrud Depot to Alandi (Down)
214,418,21,Sangvi Vasantdada Putala to Swargate,Sangvi Vasantdada Putala,Swargate,Up,21 | Sangvi Vasantdada Putala to Swargate (Up)
215,419,21,Swargate to Sangvi Vasantdada Putala,Swargate,Sangvi Vasantdada Putala,Down,21 | Swargate to Sangvi Vasantdada Putala (Down)
216,422,221,I V Estate Wagholi to Wagholi Kesnand Phata,I V Estate Wagholi,Wagholi Kesnand Phata,Up,221 | I V Estate Wagholi to Wagholi Kesnand Phata (Up)
217,423,221,Kesnand Phata Wagholi to IV VILLA LANE NO. 1,Kesnand Phata Wagholi,IV VILLA LANE NO. 1,Down,221 | Kesnand Phata Wagholi to IV VILLA LANE NO. 1 (Down)
218,424,225,Hinjawadi Maan Phase 3 to Kharadi Gaon,Hinjawadi Maan Phase 3,Kharadi Gaon,Up,225 | Hinjawadi Maan Phase 3 to Kharadi Gaon (Up)
219,425,225,Kharadi Gaon to Hinjawadi Maan Phase 3,Kharadi Gaon,Hinjawadi Maan Phase 3,Down,225 | Kharadi Gaon to Hinjawadi Maan Phase 3 (Down)
220,432,227A,Mhasoba Mandir Kharawade to Marketyard Depot,Mhasoba Mandir Kharawade,Marketyard Depot,Up,227A | Mhasoba Mandir Kharawade to Marketyard Depot (Up)
221,433,227A,Marketyard Depot to Mhasoba Mandir Kharawade,Marketyard Depot,Mhasoba Mandir Kharawade,Down,227A | Marketyard Depot to Mhasoba Mandir Kharawade (Down)
222,434,227,Marnewadi to Marketyard Depot,Marnewadi,Marketyard Depot,Up,227 | Marnewadi to Marketyard Depot (Up)
223,435,227,Marketyard Depot to Marnewadi,Marketyard Depot,Marnewadi,Down,227 | Marketyard Depot to Marnewadi (Down)
224,440,228,Vadgaon Mawal to Katraj,Vadgaon Mawal,Katraj,Up,228 | Vadgaon Mawal to Katraj (Up)
225,445,228,Katraj to Vadgaon Mawal,Katraj,Vadgaon Mawal,Down,228 | Katraj to Vadgaon Mawal (Down)
226,448,231,Shilim Gaon to Marketyard Depot,Shilim Gaon,Marketyard Depot,Up,231 | Shilim Gaon to Marketyard Depot (Up)
227,449,231,Marketyard Depot to Shilim Gaon,Marketyard Depot,Shilim Gaon,Down,231 | Marketyard Depot to Shilim Gaon (Down)
228,450,232,Gram Panchayat Belawade to Marketyard Depot,Gram Panchayat Belawade,Marketyard Depot,Up,232 | Gram Panchayat Belawade to Marketyard Depot (Up)
229,451,232,Marketyard Depot to Gram Panchayat Belawade,Marketyard Depot,Gram Panchayat Belawade,Down,232 | Marketyard Depot to Gram Panchayat Belawade (Down)
230,452,233A,Kolwan Gaon to Marketyard Depot,Kolwan Gaon,Marketyard Depot,Up,233A | Kolwan Gaon to Marketyard Depot (Up)
231,453,233A,Marketyard Depot to Kolwan Gaon,Marketyard Depot,Kolwan Gaon,Down,233A | Marketyard Depot to Kolwan Gaon (Down)
232,454,233B,Bhadasgaon to Marketyard Depot,Bhadasgaon,Marketyard Depot,Up,233B | Bhadasgaon to Marketyard Depot (Up)
233,455,233B,Marketyard Depot to Bhadasgaon,Marketyard Depot,Bhadasgaon,Down,233B | Marketyard Depot to Bhadasgaon (Down)
234,456,233,Paud Shashkiy Vishram Gruh to Marketyard Depot,Paud Shashkiy Vishram Gruh,Marketyard Depot,Up,233 | Paud Shashkiy Vishram Gruh to Marketyard Depot (Up)
235,457,233,Marketyard Depot to Paud Shashkiy Vishram Gruh,Marketyard Depot,Paud Shashkiy Vishram Gruh,Down,233 | Marketyard Depot to Paud Shashkiy Vishram Gruh (Down)
236,458,234,Dhole Patil Collage to Ma Na Pa Shramik Bhavan,Dhole Patil Collage,Ma Na Pa Shramik Bhavan,Up,234 | Dhole Patil Collage to Ma Na Pa Shramik Bhavan (Up)
237,459,234,Ma Na Pa Shramik Bhavan to Dhole Patil Collage,Ma Na Pa Shramik Bhavan,Dhole Patil Collage,Down,234 | Ma Na Pa Shramik Bhavan to Dhole Patil Collage (Down)
238,460,235,Kharadi Gaon to Katraj,Kharadi Gaon,Katraj,Up,235 | Kharadi Gaon to Katraj (Up)
239,461,235,Katraj to Kharadi Gaon,Katraj,Kharadi Gaon,Down,235 | Katraj to Kharadi Gaon (Down)
240,462,236,Kesnand Phata Wagholi to Katraj,Kesnand Phata Wagholi,Katraj,Up,236 | Kesnand Phata Wagholi to Katraj (Up)
241,463,236,Katraj to Wagholi Kesnand Phata,Katraj,Wagholi Kesnand Phata,Down,236 | Katraj to Wagholi Kesnand Phata (Down)
242,464,24A,Lohegaon to Katraj,Lohegaon,Katraj,Up,24A | Lohegaon to Katraj (Up)
243,465,24A,Katraj to Lohegaon,Katraj,Lohegaon,Down,24A | Katraj to Lohegaon (Down)
244,468,24,Maharashtra Housing Board Samta Nagar to Katraj,Maharashtra Housing Board Samta Nagar,Katraj,Up,24 | Maharashtra Housing Board Samta Nagar to Katraj (Up)
245,469,24,Katraj to Maharashtra Housing Board Samta Nagar,Katraj,Maharashtra Housing Board Samta Nagar,Down,24 | Katraj to Maharashtra Housing Board Samta Nagar (Down)
246,472,256,Balewadi Depot to Pune Station Moledina Stand,Balewadi Depot,Pune Station Moledina Stand,Up,256 | Balewadi Depot to Pune Station Moledina Stand (Up)
247,473,256,Pune Station Moledina Stand to Balewadi Depot,Pune Station Moledina Stand,Balewadi Depot,Down,256 | Pune Station Moledina Stand to Balewadi Depot (Down)
248,1244,257A,Indian Oil Petrol Pump Tulapur to Wagholi Kesnand Phata,Indian Oil Petrol Pump Tulapur,Wagholi Kesnand Phata,Up,257A | Indian Oil Petrol Pump Tulapur to Wagholi Kesnand Phata (Up)
249,1245,257A,Wagholi Kesnand Phata to Indian Oil Petrol Pump Tulapur,Wagholi Kesnand Phata,Indian Oil Petrol Pump Tulapur,Down,257A | Wagholi Kesnand Phata to Indian Oil Petrol Pump Tulapur (Down)
250,476,257,Alandi to Panaychi Taki Markal,Alandi,Panaychi Taki Markal,Up,257 | Alandi to Panaychi Taki Markal (Up)
251,477,257,Panaychi Taki Markal to Alandi,Panaychi Taki Markal,Alandi,Down,257 | Panaychi Taki Markal to Alandi (Down)
252,478,258,Nilanjan Society Soosgaon to Ma Na Pa Main Gate,Nilanjan Society Soosgaon,Ma Na Pa Main Gate,Up,258 | Nilanjan Society Soosgaon to Ma Na Pa Main Gate (Up)
253,479,258,Ma Na Pa Main Gate to Nilanjan Society Soosgaon,Ma Na Pa Main Gate,Nilanjan Society Soosgaon,Down,258 | Ma Na Pa Main Gate to Nilanjan Society Soosgaon (Down)
254,484,262,Sant Tukaram Maharaj Krida Sankul Dehugaon to Pune Station Moledina Stand,Sant Tukaram Maharaj Krida Sankul Dehugaon,Pune Station Moledina Stand,Up,262 | Sant Tukaram Maharaj Krida Sankul Dehugaon to Pune Station Moledina Stand (Up)
255,485,262,Pune Station Moledina Stand to Sant Tukaram Maharaj Krida Sankul Dehugaon,Pune Station Moledina Stand,Sant Tukaram Maharaj Krida Sankul Dehugaon,Down,262 | Pune Station Moledina Stand to Sant Tukaram Maharaj Krida Sankul Dehugaon (Down)
256,486,264,Pabal Gaon to Bhosari Pmt Chowk,Pabal Gaon,Bhosari Pmt Chowk,Up,264 | Pabal Gaon to Bhosari Pmt Chowk (Up)
257,487,264,Bhosari Pmt Chowk to Pabal Gaon,Bhosari Pmt Chowk,Pabal Gaon,Down,264 | Bhosari Pmt Chowk to Pabal Gaon (Down)
258,488,26,Shivaji Nagar to Dhankawadi,Shivaji Nagar,Dhankawadi,Up,26 | Shivaji Nagar to Dhankawadi (Up)
259,489,26,Dhankawadi to Shivaji Nagar,Dhankawadi,Shivaji Nagar,Down,26 | Dhankawadi to Shivaji Nagar (Down)
260,494,276,Chinchwadgaon to Ganpati Matha,Chinchwadgaon,Ganpati Matha,Up,276 | Chinchwadgaon to Ganpati Matha (Up)
261,495,276,Ganpati Matha to Chinchwadgaon Aundh Road / Chinchwadgaon,Ganpati Matha,Chinchwadgaon Aundh Road / Chinchwadgaon,Down,276 | Ganpati Matha to Chinchwadgaon Aundh Road / Chinchwadgaon (Down)
262,496,277,Bhosari Terminal to Kothrud Depot,Bhosari Terminal,Kothrud Depot,Up,277 | Bhosari Terminal to Kothrud Depot (Up)
263,497,277,Kothrud Depot to Bhosari Terminal,Kothrud Depot,Bhosari Terminal,Down,277 | Kothrud Depot to Bhosari Terminal (Down)
264,498,279,Katar Khadak to Marketyard Depot,Katar Khadak,Marketyard Depot,Up,279 | Katar Khadak to Marketyard Depot (Up)
265,499,279,Marketyard Depot to Katar Khadak,Marketyard Depot,Katar Khadak,Down,279 | Marketyard Depot to Katar Khadak (Down)
266,500,281,Nigdi Bhakti Shakti to Ganpati Matha,Nigdi Bhakti Shakti,Ganpati Matha,Up,281 | Nigdi Bhakti Shakti to Ganpati Matha (Up)
267,501,281,Ganpati Matha to Nigdi Bhakti Shakti,Ganpati Matha,Nigdi Bhakti Shakti,Down,281 | Ganpati Matha to Nigdi Bhakti Shakti (Down)
268,502,282,Bhosari Terminal to Ganpati Matha,Bhosari Terminal,Ganpati Matha,Up,282 | Bhosari Terminal to Ganpati Matha (Up)
269,503,282,Ganpati Matha to Bhosari Terminal,Ganpati Matha,Bhosari Terminal,Down,282 | Ganpati Matha to Bhosari Terminal (Down)
270,504,283,Pune Station Moledina Stand to Kumbare Park,Pune Station Moledina Stand,Kumbare Park,Up,283 | Pune Station Moledina Stand to Kumbare Park (Up)
271,505,283,Kumbare Park to Pune Station Moledina Stand,Kumbare Park,Pune Station Moledina Stand,Down,283 | Kumbare Park to Pune Station Moledina Stand (Down)
272,510,290,Swargate to Jambhulwadi,Swargate,Jambhulwadi,Up,290 | Swargate to Jambhulwadi (Up)
273,511,290,Jambhulwadi to Swargate,Jambhulwadi,Swargate,Down,290 | Jambhulwadi to Swargate (Down)
274,512,291,Hadapsar Gadital to Katraj Kondhwa Road,Hadapsar Gadital,Katraj Kondhwa Road,Up,291 | Hadapsar Gadital to Katraj Kondhwa Road (Up)
275,513,291,Katraj Kondhwa Road to Hadapsar Gadital,Katraj Kondhwa Road,Hadapsar Gadital,Down,291 | Katraj Kondhwa Road to Hadapsar Gadital (Down)
276,521,292,Kondhanpur to Balaji Nagar Corner Satara Road,Kondhanpur,Balaji Nagar Corner Satara Road,Up,292 | Kondhanpur to Balaji Nagar Corner Satara Road (Up)
277,523,292,Balaji Nagar Corner Satara Road to Kondhanpur,Balaji Nagar Corner Satara Road,Kondhanpur,Down,292 | Balaji Nagar Corner Satara Road to Kondhanpur (Down)
278,524,293,Saswad to Balaji Nagar Corner Satara Road,Saswad,Balaji Nagar Corner Satara Road,Up,293 | Saswad to Balaji Nagar Corner Satara Road (Up)
279,525,293,Balaji Nagar Corner Satara Road to Saswad,Balaji Nagar Corner Satara Road,Saswad,Down,293 | Balaji Nagar Corner Satara Road to Saswad (Down)
280,530,296A,Vangniwadi to Balaji Nagar Corner Satara Road,Vangniwadi,Balaji Nagar Corner Satara Road,Up,296A | Vangniwadi to Balaji Nagar Corner Satara Road (Up)
281,531,296A,Balaji Nagar Corner Satara Road to Vangniwadi,Balaji Nagar Corner Satara Road,Vangniwadi,Down,296A | Balaji Nagar Corner Satara Road to Vangniwadi (Down)
282,532,296,Velhe to Balaji Nagar Corner Satara Road,Velhe,Balaji Nagar Corner Satara Road,Up,296 | Velhe to Balaji Nagar Corner Satara Road (Up)
283,533,296,Balaji Nagar Corner Satara Road to Velhe,Balaji Nagar Corner Satara Road,Velhe,Down,296 | Balaji Nagar Corner Satara Road to Velhe (Down)
284,534,297,Shivaji Nagar to Rajas Society,Shivaji Nagar,Rajas Society,Up,297 | Shivaji Nagar to Rajas Society (Up)
285,535,297,Rajas Society to Shivaji Nagar,Rajas Society,Shivaji Nagar,Down,297 | Rajas Society to Shivaji Nagar (Down)
286,538,298,Chinchwadgaon to Gujarwadi Pmt Bus Stand,Chinchwadgaon,Gujarwadi Pmt Bus Stand,Up,298 | Chinchwadgaon to Gujarwadi Pmt Bus Stand (Up)
287,539,298,Gujarwadi Pmt Bus Stand to Chinchwadgaon Aundh Road / Chinchwadgaon,Gujarwadi Pmt Bus Stand,Chinchwadgaon Aundh Road / Chinchwadgaon,Down,298 | Gujarwadi Pmt Bus Stand to Chinchwadgaon Aundh Road / Chinchwadgaon (Down)
288,540,299,Bhosari Terminal to Gujarwadi Pmt Bus Stand,Bhosari Terminal,Gujarwadi Pmt Bus Stand,Up,299 | Bhosari Terminal to Gujarwadi Pmt Bus Stand (Up)
289,541,299,Gujarwadi Pmt Bus Stand to Bhosari Terminal,Gujarwadi Pmt Bus Stand,Bhosari Terminal,Down,299 | Gujarwadi Pmt Bus Stand to Bhosari Terminal (Down)
290,544,29,Alandi to Swargate,Alandi,Swargate,Up,29 | Alandi to Swargate (Up)
291,545,29,Swargate to Alandi,Swargate,Alandi,Down,29 | Swargate to Alandi (Down)
292,546,2A,Shivaji Nagar to Katraj,Shivaji Nagar,Katraj,Up,2A | Shivaji Nagar to Katraj (Up)
293,547,2A,Katraj to Shivaji Nagar,Katraj,Shivaji Nagar,Down,2A | Katraj to Shivaji Nagar (Down)
294,551,2,Shivaji Nagar to Swargate,Shivaji Nagar,Swargate,Up,2 | Shivaji Nagar to Swargate (Up)
295,552,2,Swargate to Shivaji Nagar,Swargate,Shivaji Nagar,Down,2 | Swargate to Shivaji Nagar (Down)
296,553,301A,Bhekrai Nagar to Katraj,Bhekrai Nagar,Katraj,Up,301A | Bhekrai Nagar to Katraj (Up)
297,554,301A,Katraj to Bhekrai Nagar,Katraj,Bhekrai Nagar,Down,301A | Katraj to Bhekrai Nagar (Down)
298,557,301,Shewalewadi Depot to Katraj,Shewalewadi Depot,Katraj,Up,301 | Shewalewadi Depot to Katraj (Up)
299,560,301,Katraj to Shewalewadi Depot,Katraj,Shewalewadi Depot,Down,301 | Katraj to Shewalewadi Depot (Down)
300,561,302A,Alandi to Pimprigaon,Alandi,Pimprigaon,Up,302A | Alandi to Pimprigaon (Up)
301,562,302A,Pimprigaon to Alandi,Pimprigaon,Alandi,Down,302A | Pimprigaon to Alandi (Down)
302,565,302,Bhosari Gavhane Vasti to Pimprigaon,Bhosari Gavhane Vasti,Pimprigaon,Up,302 | Bhosari Gavhane Vasti to Pimprigaon (Up)
303,566,302,Pimprigaon to Bhosari Gavhane Vasti,Pimprigaon,Bhosari Gavhane Vasti,Down,302 | Pimprigaon to Bhosari Gavhane Vasti (Down)
304,567,303A,Gahunjegaon to Nigdi Pawale Chowk,Gahunjegaon,Nigdi Pawale Chowk,Up,303A | Gahunjegaon to Nigdi Pawale Chowk (Up)
305,568,303A,Nigdi Pawale Chowk to Gahunjegaon,Nigdi Pawale Chowk,Gahunjegaon,Down,303A | Nigdi Pawale Chowk to Gahunjegaon (Down)
306,569,303,Akurdi Railway Station to Nigdi Pawale Chowk,Akurdi Railway Station,Nigdi Pawale Chowk,Up,303 | Akurdi Railway Station to Nigdi Pawale Chowk (Up)
307,570,303,Nigdi Pawale Chowk to Akurdi Railway Station,Nigdi Pawale Chowk,Akurdi Railway Station,Down,303 | Nigdi Pawale Chowk to Akurdi Railway Station (Down)
308,571,304,Bhosari Gavhane Vasti to Chinchwadgaon,Bhosari Gavhane Vasti,Chinchwadgaon,Up,304 | Bhosari Gavhane Vasti to Chinchwadgaon (Up)
309,572,304,Chinchwadgaon to Bhosari Gavhane Vasti,Chinchwadgaon,Bhosari Gavhane Vasti,Down,304 | Chinchwadgaon to Bhosari Gavhane Vasti (Down)
310,573,305A,Greenbase Industrial Park Navlakh Umbre to Nigdi Pawale Chowk,Greenbase Industrial Park Navlakh Umbre,Nigdi Pawale Chowk,Up,305A | Greenbase Industrial Park Navlakh Umbre to Nigdi Pawale Chowk (Up)
311,574,305A,Nigdi Pawale Chowk to Greenbase Industrial Park Navlakh Umbre,Nigdi Pawale Chowk,Greenbase Industrial Park Navlakh Umbre,Down,305A | Nigdi Pawale Chowk to Greenbase Industrial Park Navlakh Umbre (Down)
312,575,305B,Mindewadi Navlakh Umbre to Nigdi Pawale Chowk,Mindewadi Navlakh Umbre,Nigdi Pawale Chowk,Up,305B | Mindewadi Navlakh Umbre to Nigdi Pawale Chowk (Up)
313,576,305B,Nigdi Pawale Chowk to Mindewadi Navlakh Umbre,Nigdi Pawale Chowk,Mindewadi Navlakh Umbre,Down,305B | Nigdi Pawale Chowk to Mindewadi Navlakh Umbre (Down)
314,577,305,Vadgaon Mawal to Nigdi Pawale Chowk,Vadgaon Mawal,Nigdi Pawale Chowk,Up,305 | Vadgaon Mawal to Nigdi Pawale Chowk (Up)
315,578,305,Nigdi Pawale Chowk to Vadgaon Mawal,Nigdi Pawale Chowk,Vadgaon Mawal,Down,305 | Nigdi Pawale Chowk to Vadgaon Mawal (Down)
316,579,306A,Hinjewadi Hills Dattawadi to Dange Chowk,Hinjewadi Hills Dattawadi,Dange Chowk,Up,306A | Hinjewadi Hills Dattawadi to Dange Chowk (Up)
317,580,306A,Dange Chowk to Hinjewadi Hills Dattawadi,Dange Chowk,Hinjewadi Hills Dattawadi,Down,306A | Dange Chowk to Hinjewadi Hills Dattawadi (Down)
318,581,306,Megapolis Phase 3 to Dange Chowk,Megapolis Phase 3,Dange Chowk,Up,306 | Megapolis Phase 3 to Dange Chowk (Up)
319,582,306,Dange Chowk to Megapolis Phase 3,Dange Chowk,Megapolis Phase 3,Down,306 | Dange Chowk to Megapolis Phase 3 (Down)
320,583,307,ISKCON Mandir in Shindewasti Ravet to Chinchwadgaon,ISKCON Mandir in Shindewasti Ravet,Chinchwadgaon,Up,307 | ISKCON Mandir in Shindewasti Ravet to Chinchwadgaon (Up)
321,584,307,Chinchwadgaon to ISKCON Mandir in Shindewasti Ravet,Chinchwadgaon,ISKCON Mandir in Shindewasti Ravet,Down,307 | Chinchwadgaon to ISKCON Mandir in Shindewasti Ravet (Down)
322,585,308,Gharkul Vasahat Chikhali to Nigdi Pawale Chowk,Gharkul Vasahat Chikhali,Nigdi Pawale Chowk,Up,308 | Gharkul Vasahat Chikhali to Nigdi Pawale Chowk (Up)
323,586,308,Nigdi Pawale Chowk to Gharkul Vasahat Chikhali,Nigdi Pawale Chowk,Gharkul Vasahat Chikhali,Down,308 | Nigdi Pawale Chowk to Gharkul Vasahat Chikhali (Down)
324,587,309,Sant Tukaram Maharaj Krida Sankul Dehugaon to Alandi,Sant Tukaram Maharaj Krida Sankul Dehugaon,Alandi,Up,309 | Sant Tukaram Maharaj Krida Sankul Dehugaon to Alandi (Up)
325,588,309,Alandi to Sant Tukaram Maharaj Krida Sankul Dehugaon,Alandi,Sant Tukaram Maharaj Krida Sankul Dehugaon,Down,309 | Alandi to Sant Tukaram Maharaj Krida Sankul Dehugaon (Down)
326,589,30,Ghotawade Phata to Marketyard Depot,Ghotawade Phata,Marketyard Depot,Up,30 | Ghotawade Phata to Marketyard Depot (Up)
327,590,30,Marketyard Depot to Ghotawade Phata,Marketyard Depot,Ghotawade Phata,Down,30 | Marketyard Depot to Ghotawade Phata (Down)
328,597,312,Chinchwadgaon to Pune Station Depot,Chinchwadgaon,Pune Station Depot,Up,312 | Chinchwadgaon to Pune Station Depot (Up)
329,598,312,Pune Station Depot to Chinchwadgaon,Pune Station Depot,Chinchwadgaon,Down,312 | Pune Station Depot to Chinchwadgaon (Down)
330,603,313,Chandkhed to Chinchwadgaon,Chandkhed,Chinchwadgaon,Up,313 | Chandkhed to Chinchwadgaon (Up)
331,604,313,Chinchwadgaon to Chandkhed,Chinchwadgaon,Chandkhed,Down,313 | Chinchwadgaon to Chandkhed (Down)
332,605,314,Chakan Ambethan Chowk to Nigdi Pawale Chowk,Chakan Ambethan Chowk,Nigdi Pawale Chowk,Up,314 | Chakan Ambethan Chowk to Nigdi Pawale Chowk (Up)
333,606,314,Nigdi to Chakan Ambethan Chowk,Nigdi,Chakan Ambethan Chowk,Down,314 | Nigdi to Chakan Ambethan Chowk (Down)
334,607,315,Bhosari Pmt Chowk to Pune Station Sassoon Road,Bhosari Pmt Chowk,Pune Station Sassoon Road,Up,315 | Bhosari Pmt Chowk to Pune Station Sassoon Road (Up)
335,608,315,Pune Station Sassoon Road to Bhosari Pmt Chowk,Pune Station Sassoon Road,Bhosari Pmt Chowk,Down,315 | Pune Station Sassoon Road to Bhosari Pmt Chowk (Down)
336,609,316,Katar Khadak to Chinchwadgaon,Katar Khadak,Chinchwadgaon,Up,316 | Katar Khadak to Chinchwadgaon (Up)
337,610,316,Chinchwadgaon to Katar Khadak,Chinchwadgaon,Katar Khadak,Down,316 | Chinchwadgaon to Katar Khadak (Down)
338,613,317,Sambhaji Nagar to Pune Station Depot,Sambhaji Nagar,Pune Station Depot,Up,317 | Sambhaji Nagar to Pune Station Depot (Up)
339,614,317,Pune Station Depot to Sambhaji Nagar,Pune Station Depot,Sambhaji Nagar,Down,317 | Pune Station Depot to Sambhaji Nagar (Down)
340,623,320,Hinjawadi Maan Phase 3 to Chinchwadgaon,Hinjawadi Maan Phase 3,Chinchwadgaon,Up,320 | Hinjawadi Maan Phase 3 to Chinchwadgaon (Up)
341,624,320,Chinchwadgaon to Hinjawadi Maan Phase 3,Chinchwadgaon,Hinjawadi Maan Phase 3,Down,320 | Chinchwadgaon to Hinjawadi Maan Phase 3 (Down)
342,627,322A,Akurdi Railway Station to Ma Na Pa Main Gate,Akurdi Railway Station,Ma Na Pa Main Gate,Up,322A | Akurdi Railway Station to Ma Na Pa Main Gate (Up)
343,628,322A,Ma Na Pa Main Gate to Akurdi Railway Station,Ma Na Pa Main Gate,Akurdi Railway Station,Down,322A | Ma Na Pa Main Gate to Akurdi Railway Station (Down)
344,629,322,Akurdi Railway Station to Ma Na Pa Main Gate,Akurdi Railway Station,Ma Na Pa Main Gate,Up,322 | Akurdi Railway Station to Ma Na Pa Main Gate (Up)
345,630,322,Ma Na Pa Main Gate to Akurdi Railway Station,Ma Na Pa Main Gate,Akurdi Railway Station,Down,322 | Ma Na Pa Main Gate to Akurdi Railway Station (Down)
346,631,323A,Gharkul Vasahat Chikhali to Ma Na Pa Main Stand,Gharkul Vasahat Chikhali,Ma Na Pa Main Stand,Up,323A | Gharkul Vasahat Chikhali to Ma Na Pa Main Stand (Up)
347,632,323A,Ma Na Pa Main Stand to Gharkul Vasahat Chikhali,Ma Na Pa Main Stand,Gharkul Vasahat Chikhali,Down,323A | Ma Na Pa Main Stand to Gharkul Vasahat Chikhali (Down)
348,633,323,Nageshwar Vidyalaya Chikhli to Ma Na Pa Main Stand,Nageshwar Vidyalaya Chikhli,Ma Na Pa Main Stand,Up,323 | Nageshwar Vidyalaya Chikhli to Ma Na Pa Main Stand (Up)
349,634,323,Ma Na Pa Main Stand to Nageshwar Vidyalaya Chikhli,Ma Na Pa Main Stand,Nageshwar Vidyalaya Chikhli,Down,323 | Ma Na Pa Main Stand to Nageshwar Vidyalaya Chikhli (Down)
350,635,324,Hinjawadi Maan Phase 3 to Bhosari Terminal,Hinjawadi Maan Phase 3,Bhosari Terminal,Up,324 | Hinjawadi Maan Phase 3 to Bhosari Terminal (Up)
351,636,324,Bhosari Terminal to Hinjawadi Maan Phase 3,Bhosari Terminal,Hinjawadi Maan Phase 3,Down,324 | Bhosari Terminal to Hinjawadi Maan Phase 3 (Down)
352,641,326,Nageshwar Vidyalaya Chikhli to Pimprigaon,Nageshwar Vidyalaya Chikhli,Pimprigaon,Up,326 | Nageshwar Vidyalaya Chikhli to Pimprigaon (Up)
353,642,326,Pimprigaon to Nageshwar Vidyalaya Chikhli,Pimprigaon,Nageshwar Vidyalaya Chikhli,Down,326 | Pimprigaon to Nageshwar Vidyalaya Chikhli (Down)
354,647,327,Hinjawadi Maan Phase 3 to Alandi,Hinjawadi Maan Phase 3,Alandi,Up,327 | Hinjawadi Maan Phase 3 to Alandi (Up)
355,648,327,Alandi to Hinjawadi Maan Phase 3,Alandi,Hinjawadi Maan Phase 3,Down,327 | Alandi to Hinjawadi Maan Phase 3 (Down)
356,654,329,Siddhanta College Sudumbare to Pimpri Road,Siddhanta College Sudumbare,Pimpri Road,Up,329 | Siddhanta College Sudumbare to Pimpri Road (Up)
357,655,329,Pimpri Road to Siddhanta College Sudumbare,Pimpri Road,Siddhanta College Sudumbare,Down,329 | Pimpri Road to Siddhanta College Sudumbare (Down)
358,656,330,Talegaon Dhabhade Maruti Mandir to Sant Tukaram Maharaj Krida Sankul Wadacha Mal Dehugaon,Talegaon Dhabhade Maruti Mandir,Sant Tukaram Maharaj Krida Sankul Wadacha Mal Dehugaon,Up,330 | Talegaon Dhabhade Maruti Mandir to Sant Tukaram Maharaj Krida Sankul Wadacha Mal Dehugaon (Up)
359,657,330,Sant Tukaram Maharaj Krida Sankul Dehugaon to Talegaon Dhabhade Maruti Mandir,Sant Tukaram Maharaj Krida Sankul Dehugaon,Talegaon Dhabhade Maruti Mandir,Down,330 | Sant Tukaram Maharaj Krida Sankul Dehugaon to Talegaon Dhabhade Maruti Mandir (Down)
360,659,331A,Pimple Saudagar- Mahadev Mandir / Pimple Saudagar to Charholigaon Burde Vasti,Pimple Saudagar- Mahadev Mandir / Pimple Saudagar,Charholigaon Burde Vasti,Up,331A | Pimple Saudagar- Mahadev Mandir / Pimple Saudagar to Charholigaon Burde Vasti (Up)
361,661,331A,Charholigaon Burde Vasti to Pimple Saudagar,Charholigaon Burde Vasti,Pimple Saudagar,Down,331A | Charholigaon Burde Vasti to Pimple Saudagar (Down)
362,662,331B,Pimple Saudagar- Mahadev Mandir / Pimple Saudagar to Charholigaon,Pimple Saudagar- Mahadev Mandir / Pimple Saudagar,Charholigaon,Up,331B | Pimple Saudagar- Mahadev Mandir / Pimple Saudagar to Charholigaon (Up)
363,663,331B,Charholigaon to Pimple Saudagar,Charholigaon,Pimple Saudagar,Down,331B | Charholigaon to Pimple Saudagar (Down)
364,666,331,Pimple Saudagar- Mahadev Mandir / Pimple Saudagar to Bhosari Gavhane Vasti,Pimple Saudagar- Mahadev Mandir / Pimple Saudagar,Bhosari Gavhane Vasti,Up,331 | Pimple Saudagar- Mahadev Mandir / Pimple Saudagar to Bhosari Gavhane Vasti (Up)
365,667,331,Bhosari Gavhane Vasti to Pimple Saudagar,Bhosari Gavhane Vasti,Pimple Saudagar,Down,331 | Bhosari Gavhane Vasti to Pimple Saudagar (Down)
366,1266,332,Tata Motors Bebadohal to Nigdi Pawale Chowk,Tata Motors Bebadohal,Nigdi Pawale Chowk,Up,332 | Tata Motors Bebadohal to Nigdi Pawale Chowk (Up)
367,1267,332,Nigdi Pawale Chowk to Tata Motors Bebadohal,Nigdi Pawale Chowk,Tata Motors Bebadohal,Down,332 | Nigdi Pawale Chowk to Tata Motors Bebadohal (Down)
368,670,333,Hinjawadi Maan Phase 3 to Pune Station Moledina Stand,Hinjawadi Maan Phase 3,Pune Station Moledina Stand,Up,333 | Hinjawadi Maan Phase 3 to Pune Station Moledina Stand (Up)
369,671,333,Pune Station Moledina Stand to Hinjawadi Maan Phase 3,Pune Station Moledina Stand,Hinjawadi Maan Phase 3,Down,333 | Pune Station Moledina Stand to Hinjawadi Maan Phase 3 (Down)
370,672,334,Gharkul Vasahat Chikhali to Pimprigaon,Gharkul Vasahat Chikhali,Pimprigaon,Up,334 | Gharkul Vasahat Chikhali to Pimprigaon (Up)
371,673,334,Pimprigaon to Gharkul Vasahat Chikhali,Pimprigaon,Gharkul Vasahat Chikhali,Down,334 | Pimprigaon to Gharkul Vasahat Chikhali (Down)
372,678,336,Nigdi Bhakti Shakti to Kesnand Phata Wagholi,Nigdi Bhakti Shakti,Kesnand Phata Wagholi,Up,336 | Nigdi Bhakti Shakti to Kesnand Phata Wagholi (Up)
373,679,336,Wagholi Kesnand Phata to Bhakti Shakti Stand,Wagholi Kesnand Phata,Bhakti Shakti Stand,Down,336 | Wagholi Kesnand Phata to Bhakti Shakti Stand (Down)
374,1326,337,Dsk Vishwa to Nigdi Bhakti Shakti Stand,Dsk Vishwa,Nigdi Bhakti Shakti Stand,Up,337 | Dsk Vishwa to Nigdi Bhakti Shakti Stand (Up)
375,1327,337,Nigdi Bhakti Shakti Stand to Dsk Vishwa,Nigdi Bhakti Shakti Stand,Dsk Vishwa,Down,337 | Nigdi Bhakti Shakti Stand to Dsk Vishwa (Down)
376,682,339,Sant Nagar Rto Office to Gujarwadi Pmt Bus Stand,Sant Nagar Rto Office,Gujarwadi Pmt Bus Stand,Up,339 | Sant Nagar Rto Office to Gujarwadi Pmt Bus Stand (Up)
377,683,339,Gujarwadi Pmt Bus Stand to Sant Nagar Rto Office,Gujarwadi Pmt Bus Stand,Sant Nagar Rto Office,Down,339 | Gujarwadi Pmt Bus Stand to Sant Nagar Rto Office (Down)
378,684,340,Alandi to Nigdi Pawale Chowk,Alandi,Nigdi Pawale Chowk,Up,340 | Alandi to Nigdi Pawale Chowk (Up)
379,685,340,Nigdi Pawale Chowk to Alandi,Nigdi Pawale Chowk,Alandi,Down,340 | Nigdi Pawale Chowk to Alandi (Down)
380,686,341,Urse Gaon Vasudev Aashram to Nigdi Pawale Chowk,Urse Gaon Vasudev Aashram,Nigdi Pawale Chowk,Up,341 | Urse Gaon Vasudev Aashram to Nigdi Pawale Chowk (Up)
381,687,341,Nigdi Pawale Chowk to Urse Gaon Vasudev Aashram,Nigdi Pawale Chowk,Urse Gaon Vasudev Aashram,Down,341 | Nigdi Pawale Chowk to Urse Gaon Vasudev Aashram (Down)
382,688,342,Vasudev Aashram Ursegaon to Nigdi Pawale Chowk,Vasudev Aashram Ursegaon,Nigdi Pawale Chowk,Up,342 | Vasudev Aashram Ursegaon to Nigdi Pawale Chowk (Up)
383,689,342,Nigdi Pawale Chowk to Vasudev Aashram Ursegaon,Nigdi Pawale Chowk,Vasudev Aashram Ursegaon,Down,342 | Nigdi Pawale Chowk to Vasudev Aashram Ursegaon (Down)
384,694,343,Talegaon Dhabhade Maruti Mandir to Chakan Ambethan Chowk,Talegaon Dhabhade Maruti Mandir,Chakan Ambethan Chowk,Up,343 | Talegaon Dhabhade Maruti Mandir to Chakan Ambethan Chowk (Up)
385,695,343,Chakan Ambethan Chowk to Talegaon Dhabhade Maruti Mandir,Chakan Ambethan Chowk,Talegaon Dhabhade Maruti Mandir,Down,343 | Chakan Ambethan Chowk to Talegaon Dhabhade Maruti Mandir (Down)
386,696,344,Baner Depot to Alandi,Baner Depot,Alandi,Up,344 | Baner Depot to Alandi (Up)
387,697,344,Alandi to Baner Depot,Alandi,Baner Depot,Down,344 | Alandi to Baner Depot (Down)
388,698,345,Hinjawadi Maan Phase 3 to Bhosari Terminal,Hinjawadi Maan Phase 3,Bhosari Terminal,Up,345 | Hinjawadi Maan Phase 3 to Bhosari Terminal (Up)
389,699,345,Bhosari Terminal to Hinjawadi Maan Phase 3,Bhosari Terminal,Hinjawadi Maan Phase 3,Down,345 | Bhosari Terminal to Hinjawadi Maan Phase 3 (Down)
390,700,346,Bhosari Pmt Chowk to Kesnand Phata Wagholi,Bhosari Pmt Chowk,Kesnand Phata Wagholi,Up,346 | Bhosari Pmt Chowk to Kesnand Phata Wagholi (Up)
391,701,346,Wagholi Kesnand Phata to Bhosari Pmt Chowk,Wagholi Kesnand Phata,Bhosari Pmt Chowk,Down,346 | Wagholi Kesnand Phata to Bhosari Pmt Chowk (Down)
392,704,348,Nigdi Bhakti Shakti to Pune Station Moledina Stand,Nigdi Bhakti Shakti,Pune Station Moledina Stand,Up,348 | Nigdi Bhakti Shakti to Pune Station Moledina Stand (Up)
393,705,348,Pune Station Moledina Stand to Nigdi Bhakti Shakti,Pune Station Moledina Stand,Nigdi Bhakti Shakti,Down,348 | Pune Station Moledina Stand to Nigdi Bhakti Shakti (Down)
394,706,34,Nigdi Pawale Chowk to Aundhgaon,Nigdi Pawale Chowk,Aundhgaon,Up,34 | Nigdi Pawale Chowk to Aundhgaon (Up)
395,707,34,Aundhgaon to Nigdi Pawale Chowk,Aundhgaon,Nigdi Pawale Chowk,Down,34 | Aundhgaon to Nigdi Pawale Chowk (Down)
396,708,350,Sant Tukaram Maharaj Krida Sankul Dehugaon to Nigdi Tilak Chowk,Sant Tukaram Maharaj Krida Sankul Dehugaon,Nigdi Tilak Chowk,Up,350 | Sant Tukaram Maharaj Krida Sankul Dehugaon to Nigdi Tilak Chowk (Up)
397,709,350,Nigdi Tilak Chowk to Sant Tukaram Maharaj Krida Sankul Dehugaon,Nigdi Tilak Chowk,Sant Tukaram Maharaj Krida Sankul Dehugaon,Down,350 | Nigdi Tilak Chowk to Sant Tukaram Maharaj Krida Sankul Dehugaon (Down)
398,712,351,Jambe to Alandi,Jambe,Alandi,Up,351 | Jambe to Alandi (Up)
399,713,351,Alandi to Jambe,Alandi,Jambe,Down,351 | Alandi to Jambe (Down)
400,714,352,Rajguru Nagar Low Collage to Pune Station Sassoon Road,Rajguru Nagar Low Collage,Pune Station Sassoon Road,Up,352 | Rajguru Nagar Low Collage to Pune Station Sassoon Road (Up)
401,715,352,Pune Station Sassoon Road to Rajguru Nagar Low Collage,Pune Station Sassoon Road,Rajguru Nagar Low Collage,Down,352 | Pune Station Sassoon Road to Rajguru Nagar Low Collage (Down)
402,722,353,Shikrapur Phata to Chakan Ambethan Chowk,Shikrapur Phata,Chakan Ambethan Chowk,Up,353 | Shikrapur Phata to Chakan Ambethan Chowk (Up)
403,723,353,Chakan Ambethan Chowk to Shikrapur Phata,Chakan Ambethan Chowk,Shikrapur Phata,Down,353 | Chakan Ambethan Chowk to Shikrapur Phata (Down)
404,726,354,Pimprigaon to Marketyard Depot,Pimprigaon,Marketyard Depot,Up,354 | Pimprigaon to Marketyard Depot (Up)
405,727,354,Marketyard Depot to Pimprigaon,Marketyard Depot,Pimprigaon,Down,354 | Marketyard Depot to Pimprigaon (Down)
406,728,355A,Nageshwar Vidyalaya Chikhli to Radha Hotel,Nageshwar Vidyalaya Chikhli,Radha Hotel,Up,355A | Nageshwar Vidyalaya Chikhli to Radha Hotel (Up)
407,729,355A,Radha Hotel to Nageshwar Vidyalaya Chikhli,Radha Hotel,Nageshwar Vidyalaya Chikhli,Down,355A | Radha Hotel to Nageshwar Vidyalaya Chikhli (Down)
408,730,355,Nageshwar Vidyalaya Chikhli to Radha Hotel,Nageshwar Vidyalaya Chikhli,Radha Hotel,Up,355 | Nageshwar Vidyalaya Chikhli to Radha Hotel (Up)
409,731,355M,Nageshwar Vidyalaya Chikhli to Dange Chowk,Nageshwar Vidyalaya Chikhli,Dange Chowk,Up,355M | Nageshwar Vidyalaya Chikhli to Dange Chowk (Up)
410,732,355M,Dange Chowk to Nageshwar Vidyalaya Chikhli,Dange Chowk,Nageshwar Vidyalaya Chikhli,Down,355M | Dange Chowk to Nageshwar Vidyalaya Chikhli (Down)
411,733,355,Radha Hotel to Nageshwar Vidyalaya Chikhli,Radha Hotel,Nageshwar Vidyalaya Chikhli,Down,355 | Radha Hotel to Nageshwar Vidyalaya Chikhli (Down)
412,736,356,Sector no. 12 PM Awas Yojana Bhosari to Nashik Phata Metro Station,Sector no. 12 PM Awas Yojana Bhosari,Nashik Phata Metro Station,Up,356 | Sector no. 12 PM Awas Yojana Bhosari to Nashik Phata Metro Station (Up)
413,737,356,Nashik Phata Metro Station to Sector no. 12 PM Awas Yojana Bhosari,Nashik Phata Metro Station,Sector no. 12 PM Awas Yojana Bhosari,Down,356 | Nashik Phata Metro Station to Sector no. 12 PM Awas Yojana Bhosari (Down)
414,738,357,Bhosari Terminal to Pune Station Sassoon Road,Bhosari Terminal,Pune Station Sassoon Road,Up,357 | Bhosari Terminal to Pune Station Sassoon Road (Up)
415,739,357,Pune Station Sassoon Road to Bhosari Terminal,Pune Station Sassoon Road,Bhosari Terminal,Down,357 | Pune Station Sassoon Road to Bhosari Terminal (Down)
416,740,358A,Bhamchandra Vidhyalay Vasuli to Bhosari Chakan Road,Bhamchandra Vidhyalay Vasuli,Bhosari Chakan Road,Up,358A | Bhamchandra Vidhyalay Vasuli to Bhosari Chakan Road (Up)
417,741,358A,Bhosari Chakan Road to Bhamchandra Vidhyalay Vasuli,Bhosari Chakan Road,Bhamchandra Vidhyalay Vasuli,Down,358A | Bhosari Chakan Road to Bhamchandra Vidhyalay Vasuli (Down)
418,746,358,Rajguru Nagar Low Collage to Bhosari Chakan Road,Rajguru Nagar Low Collage,Bhosari Chakan Road,Up,358 | Rajguru Nagar Low Collage to Bhosari Chakan Road (Up)
419,747,358,Bhosari Chakan Road to Rajguru Nagar Low Collage,Bhosari Chakan Road,Rajguru Nagar Low Collage,Down,358 | Bhosari Chakan Road to Rajguru Nagar Low Collage (Down)
420,748,359A,Rajguru Nagar Low Collage to Pimplegurav,Rajguru Nagar Low Collage,Pimplegurav,Up,359A | Rajguru Nagar Low Collage to Pimplegurav (Up)
421,749,359A,Pimplegurav to Rajguru Nagar Low Collage,Pimplegurav,Rajguru Nagar Low Collage,Down,359A | Pimplegurav to Rajguru Nagar Low Collage (Down)
422,752,35,Mukai Chowk to Ma Na Pa Dengle Pul Nadikathi,Mukai Chowk,Ma Na Pa Dengle Pul Nadikathi,Up,35 | Mukai Chowk to Ma Na Pa Dengle Pul Nadikathi (Up)
423,757,35,Ma Na Pa Dengle Pul Nadikhathi to Mukai Chowk,Ma Na Pa Dengle Pul Nadikhathi,Mukai Chowk,Down,35 | Ma Na Pa Dengle Pul Nadikhathi to Mukai Chowk (Down)
424,758,360A,Aundhgaon to Alandi,Aundhgaon,Alandi,Up,360A | Aundhgaon to Alandi (Up)
425,759,360A,Alandi to Aundhgaon,Alandi,Aundhgaon,Down,360A | Alandi to Aundhgaon (Down)
426,760,360,Bajirao Padale Chowk Mhalunge to Alandi,Bajirao Padale Chowk Mhalunge,Alandi,Up,360 | Bajirao Padale Chowk Mhalunge to Alandi (Up)
427,761,360,Alandi to Bajirao Padale Chowk Mhalunge,Alandi,Bajirao Padale Chowk Mhalunge,Down,360 | Alandi to Bajirao Padale Chowk Mhalunge (Down)
428,762,361,Bhosari Pmt Chowk to Alandi,Bhosari Pmt Chowk,Alandi,Up,361 | Bhosari Pmt Chowk to Alandi (Up)
429,763,361,Alandi to Bhosari Pmt Chowk,Alandi,Bhosari Pmt Chowk,Down,361 | Alandi to Bhosari Pmt Chowk (Down)
430,766,362,Ycm Hospital to Alandi,Ycm Hospital,Alandi,Up,362 | Ycm Hospital to Alandi (Up)
431,767,362,Alandi to Ycm Hospital,Alandi,Ycm Hospital,Down,362 | Alandi to Ycm Hospital (Down)
432,773,363,Samir Lawns Ravet to Pimpri Road,Samir Lawns Ravet,Pimpri Road,Up,363 | Samir Lawns Ravet to Pimpri Road (Up)
433,777,363,Pimpri Road to Samir Lawns Ravet,Pimpri Road,Samir Lawns Ravet,Down,363 | Pimpri Road to Samir Lawns Ravet (Down)
434,778,364,Chakan Ambethan Chowk to Alandi,Chakan Ambethan Chowk,Alandi,Up,364 | Chakan Ambethan Chowk to Alandi (Up)
435,779,364,Alandi to Chakan Ambethan Chowk,Alandi,Chakan Ambethan Chowk,Down,364 | Alandi to Chakan Ambethan Chowk (Down)
436,780,366,Nigdi Bhakti Shakti to Pune Station Depot,Nigdi Bhakti Shakti,Pune Station Depot,Up,366 | Nigdi Bhakti Shakti to Pune Station Depot (Up)
437,781,366,Pune Station Depot to Nigdi Bhakti Shakti,Pune Station Depot,Nigdi Bhakti Shakti,Down,366 | Pune Station Depot to Nigdi Bhakti Shakti (Down)
438,784,367,Mukai Chowk to Bhosari Gavhane Vasti,Mukai Chowk,Bhosari Gavhane Vasti,Up,367 | Mukai Chowk to Bhosari Gavhane Vasti (Up)
439,785,367M,Mukai Chowk to Bhosari Gavhane Vasti,Mukai Chowk,Bhosari Gavhane Vasti,Up,367M | Mukai Chowk to Bhosari Gavhane Vasti (Up)
440,786,367M,Bhosari Gavhane Vasti to Mukai Chowk,Bhosari Gavhane Vasti,Mukai Chowk,Down,367M | Bhosari Gavhane Vasti to Mukai Chowk (Down)
441,787,367,Bhosari Gavhane Vasti to Mukai Chowk,Bhosari Gavhane Vasti,Mukai Chowk,Down,367 | Bhosari Gavhane Vasti to Mukai Chowk (Down)
442,788,368,Lonavala Railway Station to Nigdi Pawale Chowk,Lonavala Railway Station,Nigdi Pawale Chowk,Up,368 | Lonavala Railway Station to Nigdi Pawale Chowk (Up)
443,789,368,Nigdi Pawale Chowk to Lonavala Railway Station,Nigdi Pawale Chowk,Lonavala Railway Station,Down,368 | Nigdi Pawale Chowk to Lonavala Railway Station (Down)
444,792,369,Bhamchandra Vidhyalay Vasuli to Nigdi Tilak Chowk,Bhamchandra Vidhyalay Vasuli,Nigdi Tilak Chowk,Up,369 | Bhamchandra Vidhyalay Vasuli to Nigdi Tilak Chowk (Up)
445,793,369,Nigdi Tilak Chowk to Bhamchandra Vidhyalay Vasuli,Nigdi Tilak Chowk,Bhamchandra Vidhyalay Vasuli,Down,369 | Nigdi Tilak Chowk to Bhamchandra Vidhyalay Vasuli (Down)
446,798,370,Davdigaon to Bhosari Chakan Road,Davdigaon,Bhosari Chakan Road,Up,370 | Davdigaon to Bhosari Chakan Road (Up)
447,799,370,Bhosari Chakan Road to Davdigaon,Bhosari Chakan Road,Davdigaon,Down,370 | Bhosari Chakan Road to Davdigaon (Down)
448,800,371,Takve Bhoyregaon to Nigdi Pawale Chowk,Takve Bhoyregaon,Nigdi Pawale Chowk,Up,371 | Takve Bhoyregaon to Nigdi Pawale Chowk (Up)
449,801,371,Nigdi Pawale Chowk to Takve Bhoyregaon,Nigdi Pawale Chowk,Takve Bhoyregaon,Down,371 | Nigdi Pawale Chowk to Takve Bhoyregaon (Down)
450,804,372,Megapolis Phase 3 to Nigdi Bhakti Shakti Stand,Megapolis Phase 3,Nigdi Bhakti Shakti Stand,Up,372 | Megapolis Phase 3 to Nigdi Bhakti Shakti Stand (Up)
451,805,372M,Megapolis Phase 3 to Nigdi Bhakti Shakti Stand,Megapolis Phase 3,Nigdi Bhakti Shakti Stand,Up,372M | Megapolis Phase 3 to Nigdi Bhakti Shakti Stand (Up)
452,806,372M,Nigdi Bhakti Shakti Stand to Megapolis Phase 3,Nigdi Bhakti Shakti Stand,Megapolis Phase 3,Down,372M | Nigdi Bhakti Shakti Stand to Megapolis Phase 3 (Down)
453,807,372,Nigdi Bhakti Shakti Stand to Megapolis Phase 3,Nigdi Bhakti Shakti Stand,Megapolis Phase 3,Down,372 | Nigdi Bhakti Shakti Stand to Megapolis Phase 3 (Down)
454,810,373,Neilsoft Company infosys Phase 3 to Sangvi Vasantdada Putala,Neilsoft Company infosys Phase 3,Sangvi Vasantdada Putala,Up,373 | Neilsoft Company infosys Phase 3 to Sangvi Vasantdada Putala (Up)
455,812,373,Sangvi Vasantdada Putala to Neilsoft Company infosys Phase 3,Sangvi Vasantdada Putala,Neilsoft Company infosys Phase 3,Down,373 | Sangvi Vasantdada Putala to Neilsoft Company infosys Phase 3 (Down)
456,813,374A,Gahunjegaon to Nigdi Pawale Chowk,Gahunjegaon,Nigdi Pawale Chowk,Up,374A | Gahunjegaon to Nigdi Pawale Chowk (Up)
457,814,374A,Nigdi Pawale Chowk to Gahunjegaon,Nigdi Pawale Chowk,Gahunjegaon,Down,374A | Nigdi Pawale Chowk to Gahunjegaon (Down)
458,815,374,Virbaba Chowk Sai Nagar to Nigdi Pawale Chowk,Virbaba Chowk Sai Nagar,Nigdi Pawale Chowk,Up,374 | Virbaba Chowk Sai Nagar to Nigdi Pawale Chowk (Up)
459,816,374,Nigdi Pawale Chowk to Virbaba Chowk Sai Nagar,Nigdi Pawale Chowk,Virbaba Chowk Sai Nagar,Down,374 | Nigdi Pawale Chowk to Virbaba Chowk Sai Nagar (Down)
460,821,375,Neilsoft Company infosys Phase 3 to Nigdi Pawale Chowk,Neilsoft Company infosys Phase 3,Nigdi Pawale Chowk,Up,375 | Neilsoft Company infosys Phase 3 to Nigdi Pawale Chowk (Up)
461,822,375,Nigdi Pawale Chowk to Neilsoft Company infosys Phase 3,Nigdi Pawale Chowk,Neilsoft Company infosys Phase 3,Down,375 | Nigdi Pawale Chowk to Neilsoft Company infosys Phase 3 (Down)
462,823,376,Pimprigaon to Ma Na Pa Main Stand,Pimprigaon,Ma Na Pa Main Stand,Up,376 | Pimprigaon to Ma Na Pa Main Stand (Up)
463,824,376,Ma Na Pa Main Stand to Pimprigaon,Ma Na Pa Main Stand,Pimprigaon,Down,376 | Ma Na Pa Main Stand to Pimprigaon (Down)
464,829,37,Wakdewadi Navin ST Stand to Sahakar Nagar,Wakdewadi Navin ST Stand,Sahakar Nagar,Up,37 | Wakdewadi Navin ST Stand to Sahakar Nagar (Up)
465,830,37,Sahakar Nagar to Wakdewadi Navin ST Stand,Sahakar Nagar,Wakdewadi Navin ST Stand,Down,37 | Sahakar Nagar to Wakdewadi Navin ST Stand (Down)
466,831,380,Hinjawadi Maan Phase 3 to Bhosari Terminal,Hinjawadi Maan Phase 3,Bhosari Terminal,Up,380 | Hinjawadi Maan Phase 3 to Bhosari Terminal (Up)
467,832,380,Bhosari Terminal to Hinjawadi Maan Phase 3,Bhosari Terminal,Hinjawadi Maan Phase 3,Down,380 | Bhosari Terminal to Hinjawadi Maan Phase 3 (Down)
468,833,381,Megapolis Phase 3 to Nageshwar Vidyalaya Chikhli,Megapolis Phase 3,Nageshwar Vidyalaya Chikhli,Up,381 | Megapolis Phase 3 to Nageshwar Vidyalaya Chikhli (Up)
469,834,381,Nageshwar Vidyalaya Chikhli to Megapolis Phase 3,Nageshwar Vidyalaya Chikhli,Megapolis Phase 3,Down,381 | Nageshwar Vidyalaya Chikhli to Megapolis Phase 3 (Down)
470,835,38,Na Ta Wadi to Dhankawadi,Na Ta Wadi,Dhankawadi,Up,38 | Na Ta Wadi to Dhankawadi (Up)
471,836,38,Dhankawadi to Na Ta Wadi,Dhankawadi,Na Ta Wadi,Down,38 | Dhankawadi to Na Ta Wadi (Down)
472,837,39,Pune Station Jayprakash Stand to Dhankawadi,Pune Station Jayprakash Stand,Dhankawadi,Up,39 | Pune Station Jayprakash Stand to Dhankawadi (Up)
473,838,39,Dhankawadi to Pune Station Jayprakash Stand,Dhankawadi,Pune Station Jayprakash Stand,Down,39 | Dhankawadi to Pune Station Jayprakash Stand (Down)
474,840,41,Sangvi Vasantdada Putala to Upper Depot,Sangvi Vasantdada Putala,Upper Depot,Up,41 | Sangvi Vasantdada Putala to Upper Depot (Up)
475,841,41,Upper Depot to Sangvi Vasantdada Putala,Upper Depot,Sangvi Vasantdada Putala,Down,41 | Upper Depot to Sangvi Vasantdada Putala (Down)
476,842,42,Nigdi Bhakti Shakti to Gujarwadi Pmt Bus Stand,Nigdi Bhakti Shakti,Gujarwadi Pmt Bus Stand,Up,42 | Nigdi Bhakti Shakti to Gujarwadi Pmt Bus Stand (Up)
477,843,42,Gujarwadi Pmt Bus Stand to Nigdi Bhakti Shakti,Gujarwadi Pmt Bus Stand,Nigdi Bhakti Shakti,Down,42 | Gujarwadi Pmt Bus Stand to Nigdi Bhakti Shakti (Down)
478,847,43A,Hinjawadi Maan Phase 3 to Katraj,Hinjawadi Maan Phase 3,Katraj,Up,43A | Hinjawadi Maan Phase 3 to Katraj (Up)
479,849,43A,Katraj to Hinjawadi Maan Phase 3,Katraj,Hinjawadi Maan Phase 3,Down,43A | Katraj to Hinjawadi Maan Phase 3 (Down)
480,850,43,Nigdi Bhakti Shakti Stand to Katraj,Nigdi Bhakti Shakti Stand,Katraj,Up,43 | Nigdi Bhakti Shakti Stand to Katraj (Up)
481,851,43,Katraj to Nigdi Bhakti Shakti,Katraj,Nigdi Bhakti Shakti,Down,43 | Katraj to Nigdi Bhakti Shakti (Down)
482,854,44,Akurdi Railway Station to Katraj,Akurdi Railway Station,Katraj,Up,44 | Akurdi Railway Station to Katraj (Up)
483,855,44,Katraj to Akurdi Railway Station,Katraj,Akurdi Railway Station,Down,44 | Katraj to Akurdi Railway Station (Down)
484,858,47,Sanaswadi Nandoshi to Swargate,Sanaswadi Nandoshi,Swargate,Up,47 | Sanaswadi Nandoshi to Swargate (Up)
485,859,47,Swargate to Sanaswadi Nandoshi,Swargate,Sanaswadi Nandoshi,Down,47 | Swargate to Sanaswadi Nandoshi (Down)
486,860,4,Shivaji Nagar to Swargate,Shivaji Nagar,Swargate,Up,4 | Shivaji Nagar to Swargate (Up)
487,861,4,Swargate to Shivaji Nagar,Swargate,Shivaji Nagar,Down,4 | Swargate to Shivaji Nagar (Down)
488,866,50,Sinhgad to Shaniwarwada Stand,Sinhgad,Shaniwarwada Stand,Up,50 | Sinhgad to Shaniwarwada Stand (Up)
489,873,50,Shaniwarwada Stand to Sinhgad,Shaniwarwada Stand,Sinhgad,Down,50 | Shaniwarwada Stand to Sinhgad (Down)
490,876,51,Dsk Vishwa to Shivaji Nagar,Dsk Vishwa,Shivaji Nagar,Up,51 | Dsk Vishwa to Shivaji Nagar (Up)
491,877,51,Shivaji Nagar to Dsk Vishwa,Shivaji Nagar,Dsk Vishwa,Down,51 | Shivaji Nagar to Dsk Vishwa (Down)
492,878,52A,Varasgaon Goradwadi to Swargate,Varasgaon Goradwadi,Swargate,Up,52A | Varasgaon Goradwadi to Swargate (Up)
493,879,52A,Swargate to Varasgaon Goradwadi,Swargate,Varasgaon Goradwadi,Down,52A | Swargate to Varasgaon Goradwadi (Down)
494,885,52,Khanapur to Swargate,Khanapur,Swargate,Up,52 | Khanapur to Swargate (Up)
495,887,52,Swargate to Khanapur,Swargate,Khanapur,Down,52 | Swargate to Khanapur (Down)
496,890,55,Shanipar Stand to Suncity,Shanipar Stand,Suncity,Up,55 | Shanipar Stand to Suncity (Up)
497,891,55,Suncity to Shanipar Stand,Suncity,Shanipar Stand,Down,55 | Suncity to Shanipar Stand (Down)
498,894,57,Vadgaon Budruk Stand to Pune Station Jayprakash Stand,Vadgaon Budruk Stand,Pune Station Jayprakash Stand,Up,57 | Vadgaon Budruk Stand to Pune Station Jayprakash Stand (Up)
499,895,57,Pune Station Jayprakash Stand to Vadgaon Budruk Stand,Pune Station Jayprakash Stand,Vadgaon Budruk Stand,Down,57 | Pune Station Jayprakash Stand to Vadgaon Budruk Stand (Down)
500,896,58,Gokhale Nagar Police Line to Shanipar Stand,Gokhale Nagar Police Line,Shanipar Stand,Up,58 | Gokhale Nagar Police Line to Shanipar Stand (Up)
501,897,58,Shanipar Stand to Gokhale Nagar Police Line,Shanipar Stand,Gokhale Nagar Police Line,Down,58 | Shanipar Stand to Gokhale Nagar Police Line (Down)
502,898,59,Niljyoti Society to Shanipar Stand,Niljyoti Society,Shanipar Stand,Up,59 | Niljyoti Society to Shanipar Stand (Up)
503,899,59,Shanipar Stand to Niljyoti Society,Shanipar Stand,Niljyoti Society,Down,59 | Shanipar Stand to Niljyoti Society (Down)
504,902,5,Pune Station Moledina Stand to Swargate,Pune Station Moledina Stand,Swargate,Up,5 | Pune Station Moledina Stand to Swargate (Up)
505,903,5,Swargate to Pune Station Moledina Stand,Swargate,Pune Station Moledina Stand,Down,5 | Swargate to Pune Station Moledina Stand (Down)
506,904,60,Ghule Nagar Vadgaon Budruk to Swargate,Ghule Nagar Vadgaon Budruk,Swargate,Up,60 | Ghule Nagar Vadgaon Budruk to Swargate (Up)
507,905,60,Swargate to Ghule Nagar Vadgaon Budruk,Swargate,Ghule Nagar Vadgaon Budruk,Down,60 | Swargate to Ghule Nagar Vadgaon Budruk (Down)
508,906,61,Sarola to Balaji Nagar Corner Satara Road,Sarola,Balaji Nagar Corner Satara Road,Up,61 | Sarola to Balaji Nagar Corner Satara Road (Up)
509,907,61,Balaji Nagar Corner Satara Road to Sarola,Balaji Nagar Corner Satara Road,Sarola,Down,61 | Balaji Nagar Corner Satara Road to Sarola (Down)
510,910,64,Nda 10 No. Gate to Bhekrai Nagar,Nda 10 No. Gate,Bhekrai Nagar,Up,64 | Nda 10 No. Gate to Bhekrai Nagar (Up)
511,911,64M,Ganpati Matha to Hadapsar Gadital,Ganpati Matha,Hadapsar Gadital,Up,64M | Ganpati Matha to Hadapsar Gadital (Up)
512,912,64M,Hadapsar Gadital to Ganpati Matha,Hadapsar Gadital,Ganpati Matha,Down,64M | Hadapsar Gadital to Ganpati Matha (Down)
513,913,64,Bhekrai Nagar to Nda 10 No. Gate,Bhekrai Nagar,Nda 10 No. Gate,Down,64 | Bhekrai Nagar to Nda 10 No. Gate (Down)
514,914,65A,Patas to Hadapsar Gadital Solapur Road,Patas,Hadapsar Gadital Solapur Road,Up,65A | Patas to Hadapsar Gadital Solapur Road (Up)
515,915,65A,Hadapsar Gadital Solapur Road to Patas,Hadapsar Gadital Solapur Road,Patas,Down,65A | Hadapsar Gadital Solapur Road to Patas (Down)
516,920,66,Thakarwadi to Marketyard Depot,Thakarwadi,Marketyard Depot,Up,66 | Thakarwadi to Marketyard Depot (Up)
517,921,66,Marketyard Depot to Thakarwadi,Marketyard Depot,Thakarwadi,Down,66 | Marketyard Depot to Thakarwadi (Down)
518,922,67A,Uruli Kanchan to Swargate,Uruli Kanchan,Swargate,Up,67A | Uruli Kanchan to Swargate (Up)
519,923,67A,Swargate to Uruli Kanchan,Swargate,Uruli Kanchan,Down,67A | Swargate to Uruli Kanchan (Down)
520,927,67,Uruli Kanchan to Hadapsar Gadital Solapur Road,Uruli Kanchan,Hadapsar Gadital Solapur Road,Up,67 | Uruli Kanchan to Hadapsar Gadital Solapur Road (Up)
521,929,67,Hadapsar Gadital Solapur Road to Uruli Kanchan,Hadapsar Gadital Solapur Road,Uruli Kanchan,Down,67 | Hadapsar Gadital Solapur Road to Uruli Kanchan (Down)
522,930,68,Upper Depot to Sutardara,Upper Depot,Sutardara,Up,68 | Upper Depot to Sutardara (Up)
523,931,68,Sutardara to Upper Depot,Sutardara,Upper Depot,Down,68 | Sutardara to Upper Depot (Down)
524,934,69,Ghotawadegaon to Marketyard Depot,Ghotawadegaon,Marketyard Depot,Up,69 | Ghotawadegaon to Marketyard Depot (Up)
525,935,69,Marketyard Depot to Ghotawadegaon,Marketyard Depot,Ghotawadegaon,Down,69 | Marketyard Depot to Ghotawadegaon (Down)
526,938,70,Mulshi Gaon to Marketyard Depot,Mulshi Gaon,Marketyard Depot,Up,70 | Mulshi Gaon to Marketyard Depot (Up)
527,939,70,Marketyard Depot to Mulshi Gaon,Marketyard Depot,Mulshi Gaon,Down,70 | Marketyard Depot to Mulshi Gaon (Down)
528,943,72,Nda 10 No. Gate to Sukhsagar Nagar,Nda 10 No. Gate,Sukhsagar Nagar,Up,72 | Nda 10 No. Gate to Sukhsagar Nagar (Up)
529,944,72,Sukhsagar Nagar to Nda 10 No. Gate,Sukhsagar Nagar,Nda 10 No. Gate,Down,72 | Sukhsagar Nagar to Nda 10 No. Gate (Down)
530,947,73,Gada Modi Chowk Khamgaon to Hadapsar Gadital Solapur Road,Gada Modi Chowk Khamgaon,Hadapsar Gadital Solapur Road,Up,73 | Gada Modi Chowk Khamgaon to Hadapsar Gadital Solapur Road (Up)
531,948,73,Hadapsar Gadital Solapur Road to Gada Modi Chowk Khamgaon,Hadapsar Gadital Solapur Road,Gada Modi Chowk Khamgaon,Down,73 | Hadapsar Gadital Solapur Road to Gada Modi Chowk Khamgaon (Down)
532,951,74,Paud Shashkiy Vishram Gruh to Chinchwadgaon,Paud Shashkiy Vishram Gruh,Chinchwadgaon,Up,74 | Paud Shashkiy Vishram Gruh to Chinchwadgaon (Up)
533,952,74,Chinchwadgaon to Paud Shashkiy Vishram Gruh,Chinchwadgaon,Paud Shashkiy Vishram Gruh,Down,74 | Chinchwadgaon to Paud Shashkiy Vishram Gruh (Down)
534,959,77,Hinjawadi Maan Phase 3 to Ganpati Matha,Hinjawadi Maan Phase 3,Ganpati Matha,Up,77 | Hinjawadi Maan Phase 3 to Ganpati Matha (Up)
535,960,77,Ganpati Matha to Hinjawadi Maan Phase 3,Ganpati Matha,Hinjawadi Maan Phase 3,Down,77 | Ganpati Matha to Hinjawadi Maan Phase 3 (Down)
536,961,78,Nda 10 No. Gate to Marketyard Depot,Nda 10 No. Gate,Marketyard Depot,Up,78 | Nda 10 No. Gate to Marketyard Depot (Up)
537,962,78,Marketyard Depot to Nda 10 No. Gate,Marketyard Depot,Nda 10 No. Gate,Down,78 | Marketyard Depot to Nda 10 No. Gate (Down)
538,970,81,Pune Station Moledina Stand to Kumbare Park,Pune Station Moledina Stand,Kumbare Park,Up,81 | Pune Station Moledina Stand to Kumbare Park (Up)
539,971,81,Kumbare Park to Pune Station Moledina Stand,Kumbare Park,Pune Station Moledina Stand,Down,81 | Kumbare Park to Pune Station Moledina Stand (Down)
540,979,83,Alandi to Nda 10 No. Gate,Alandi,Nda 10 No. Gate,Up,83 | Alandi to Nda 10 No. Gate (Up)
541,980,83,Nda 10 No. Gate to Alandi,Nda 10 No. Gate,Alandi,Down,83 | Nda 10 No. Gate to Alandi (Down)
542,982,84A,Sangrun to Deccan Gymkhana,Sangrun,Deccan Gymkhana,Up,84A | Sangrun to Deccan Gymkhana (Up)
543,983,84A,Deccan Gymkhana to Sangrun,Deccan Gymkhana,Sangrun,Down,84A | Deccan Gymkhana to Sangrun (Down)
544,987,84,Mutha Gaon to Deccan Gymkhana,Mutha Gaon,Deccan Gymkhana,Up,84 | Mutha Gaon to Deccan Gymkhana (Up)
545,989,84,Deccan Gymkhana to Mutha Gaon,Deccan Gymkhana,Mutha Gaon,Down,84 | Deccan Gymkhana to Mutha Gaon (Down)
546,994,85,Khadewadi to Ma Na Pa Congress Bhavan,Khadewadi,Ma Na Pa Congress Bhavan,Up,85 | Khadewadi to Ma Na Pa Congress Bhavan (Up)
547,995,85,Ma Na Pa Congress Bhavan to Khadewadi,Ma Na Pa Congress Bhavan,Khadewadi,Down,85 | Ma Na Pa Congress Bhavan to Khadewadi (Down)
548,1000,86,Paud St Stand to Deccan Gymkhana,Paud St Stand,Deccan Gymkhana,Up,86 | Paud St Stand to Deccan Gymkhana (Up)
549,1001,86,Deccan Gymkhana to Paud St Stand,Deccan Gymkhana,Paud St Stand,Down,86 | Deccan Gymkhana to Paud St Stand (Down)
550,1002,87A,Zilla Parishad School Chande to Deccan Gymkhana,Zilla Parishad School Chande,Deccan Gymkhana,Up,87A | Zilla Parishad School Chande to Deccan Gymkhana (Up)
551,1003,87A,Deccan Gymkhana to Zilla Parishad School Chande,Deccan Gymkhana,Zilla Parishad School Chande,Down,87A | Deccan Gymkhana to Zilla Parishad School Chande (Down)
552,1009,87,Sutarwadi Depot to Deccan Gymkhana,Sutarwadi Depot,Deccan Gymkhana,Up,87 | Sutarwadi Depot to Deccan Gymkhana (Up)
553,1013,87,Deccan Gymkhana to Sutarwadi Depot,Deccan Gymkhana,Sutarwadi Depot,Down,87 | Deccan Gymkhana to Sutarwadi Depot (Down)
554,1020,90,Gokhale Nagar Police Line to Katraj,Gokhale Nagar Police Line,Katraj,Up,90 | Gokhale Nagar Police Line to Katraj (Up)
555,1021,90,Katraj to Gokhale Nagar Police Line,Katraj,Gokhale Nagar Police Line,Down,90 | Katraj to Gokhale Nagar Police Line (Down)
556,1028,94,Pune Station Moledina Stand to Matalwadi Bhugaon,Pune Station Moledina Stand,Matalwadi Bhugaon,Up,94 | Pune Station Moledina Stand to Matalwadi Bhugaon (Up)
557,1031,94,Matalwadi Bhugaon to Pune Station Moledina Stand,Matalwadi Bhugaon,Pune Station Moledina Stand,Down,94 | Matalwadi Bhugaon to Pune Station Moledina Stand (Down)
558,1032,95,PVPIT College Bawdhan to Deccan Gymkhana,PVPIT College Bawdhan,Deccan Gymkhana,Up,95 | PVPIT College Bawdhan to Deccan Gymkhana (Up)
559,1033,95,Deccan Gymkhana to PVPIT College Bawdhan,Deccan Gymkhana,PVPIT College Bawdhan,Down,95 | Deccan Gymkhana to PVPIT College Bawdhan (Down)
560,1034,97,Sahakar Nagar to Ganpati Matha,Sahakar Nagar,Ganpati Matha,Up,97 | Sahakar Nagar to Ganpati Matha (Up)
561,1035,97,Ganpati Matha to Sahakar Nagar,Ganpati Matha,Sahakar Nagar,Down,97 | Ganpati Matha to Sahakar Nagar (Down)
562,1040,98,Kesnand Phata Wagholi to Ganpati Matha,Kesnand Phata Wagholi,Ganpati Matha,Up,98 | Kesnand Phata Wagholi to Ganpati Matha (Up)
563,1041,98,Ganpati Matha to Wagholi Kesnand Phata,Ganpati Matha,Wagholi Kesnand Phata,Down,98 | Ganpati Matha to Wagholi Kesnand Phata (Down)
564,1044,99,Kekan Gas to Kothrud Depot,Kekan Gas,Kothrud Depot,Up,99 | Kekan Gas to Kothrud Depot (Up)
565,1045,99,Kothrud Depot to Kekan Gas,Kothrud Depot,Kekan Gas,Down,99 | Kothrud Depot to Kekan Gas (Down)
566,1048,AP2,Upper Depot to Katraj Kondhwa Road,Upper Depot,Katraj Kondhwa Road,Up,AP2 | Upper Depot to Katraj Kondhwa Road (Up)
567,1049,AP2,Katraj Kondhwa Road to Upper Depot,Katraj Kondhwa Road,Upper Depot,Down,AP2 | Katraj Kondhwa Road to Upper Depot (Down)
568,1054,B2,DY Patil College Charholi to Alandi,DY Patil College Charholi,Alandi,Up,B2 | DY Patil College Charholi to Alandi (Up)
569,1055,B2,Alandi to DY Patil College Charholi,Alandi,DY Patil College Charholi,Down,B2 | Alandi to DY Patil College Charholi (Down)
570,1058,H11,Sanket Vihar Lane No 18 to Hadapsar Gadital,Sanket Vihar Lane No 18,Hadapsar Gadital,Up,H11 | Sanket Vihar Lane No 18 to Hadapsar Gadital (Up)
571,1059,H11,Hadapsar Gadital to Sanket Vihar Lane No 18,Hadapsar Gadital,Sanket Vihar Lane No 18,Down,H11 | Hadapsar Gadital to Sanket Vihar Lane No 18 (Down)
572,1060,H3,Saswad Road Railway Station to Mantri Market Hadapsar,Saswad Road Railway Station,Mantri Market Hadapsar,Up,H3 | Saswad Road Railway Station to Mantri Market Hadapsar (Up)
573,1061,H3,Mantri Market Hadapsar to Saswad Road Railway Station,Mantri Market Hadapsar,Saswad Road Railway Station,Down,H3 | Mantri Market Hadapsar to Saswad Road Railway Station (Down)
574,1064,H8,Fursungi to Hadapsar Gadital,Fursungi,Hadapsar Gadital,Up,H8 | Fursungi to Hadapsar Gadital (Up)
575,1065,H8,Hadapsar Gadital to Fursungi,Hadapsar Gadital,Fursungi,Down,H8 | Hadapsar Gadital to Fursungi (Down)
576,1066,H9,Manjari Budruk to Hadapsar Gadital Solapur Road,Manjari Budruk,Hadapsar Gadital Solapur Road,Up,H9 | Manjari Budruk to Hadapsar Gadital Solapur Road (Up)
577,1067,H9,Hadapsar Gadital Solapur Road to Manjari Budruk,Hadapsar Gadital Solapur Road,Manjari Budruk,Down,H9 | Hadapsar Gadital Solapur Road to Manjari Budruk (Down)
578,1072,K11,Katraj to Jambhulwadi,Katraj,Jambhulwadi,Up,K11 | Katraj to Jambhulwadi (Up)
579,1073,K11,Jambhulwadi to Katraj,Jambhulwadi,Katraj,Down,K11 | Jambhulwadi to Katraj (Down)
580,1344,K12A,Katraj to Nandanvan City Narhe,Katraj,Nandanvan City Narhe,Up,K12A | Katraj to Nandanvan City Narhe (Up)
581,1345,K12A,Nandanvan City Narhe to Katraj,Nandanvan City Narhe,Katraj,Down,K12A | Nandanvan City Narhe to Katraj (Down)
582,1076,K12,Katraj to Abhinav Collage Narhe,Katraj,Abhinav Collage Narhe,Up,K12 | Katraj to Abhinav Collage Narhe (Up)
583,1077,K12,Abhinav Collage Narhe to Katraj,Abhinav Collage Narhe,Katraj,Down,K12 | Abhinav Collage Narhe to Katraj (Down)
584,1080,K14,Gujarwadi to Katraj,Gujarwadi,Katraj,Up,K14 | Gujarwadi to Katraj (Up)
585,1081,K14,Katraj to Gujarwadi,Katraj,Gujarwadi,Down,K14 | Katraj to Gujarwadi (Down)
586,1082,K16,Yewalewadi to Katraj,Yewalewadi,Katraj,Up,K16 | Yewalewadi to Katraj (Up)
587,1083,K16,Katraj Kondhwa Road to Yewalewadi,Katraj Kondhwa Road,Yewalewadi,Down,K16 | Katraj Kondhwa Road to Yewalewadi (Down)
588,1084,K18,Katraj to Waghjai Nagar Shivaji Chowk,Katraj,Waghjai Nagar Shivaji Chowk,Up,K18 | Katraj to Waghjai Nagar Shivaji Chowk (Up)
589,1085,K18,Waghjai Nagar Shivaji Chowk to Katraj,Waghjai Nagar Shivaji Chowk,Katraj,Down,K18 | Waghjai Nagar Shivaji Chowk to Katraj (Down)
590,1089,K7,Sneha Vihar Dangat Patil Nagar to Deccan Gymkhana,Sneha Vihar Dangat Patil Nagar,Deccan Gymkhana,Up,K7 | Sneha Vihar Dangat Patil Nagar to Deccan Gymkhana (Up)
591,1090,K7,Deccan Gymkhana to Sneha Vihar Dangat Patil Nagar,Deccan Gymkhana,Sneha Vihar Dangat Patil Nagar,Down,K7 | Deccan Gymkhana to Sneha Vihar Dangat Patil Nagar (Down)
592,1092,METRO SHUTTLE 13,Swargate to Upper Depot,Swargate,Upper Depot,Up,METRO SHUTTLE 13 | Swargate to Upper Depot (Up)
593,1094,METRO SHUTTLE 13,Upper Depot to Swargate,Upper Depot,Swargate,Down,METRO SHUTTLE 13 | Upper Depot to Swargate (Down)
594,1098,METRO SHUTTLE 17,Shivaji Nagar Civil Court Metro Station to Hadapsar Gadital,Shivaji Nagar Civil Court Metro Station,Hadapsar Gadital,Up,METRO SHUTTLE 17 | Shivaji Nagar Civil Court Metro Station to Hadapsar Gadital (Up)
595,1099,METRO SHUTTLE 17,Hadapsar Gadital to Shivaji Nagar Civil Court Metro Station,Hadapsar Gadital,Shivaji Nagar Civil Court Metro Station,Down,METRO SHUTTLE 17 | Hadapsar Gadital to Shivaji Nagar Civil Court Metro Station (Down)
596,1110,METRO SHUTTLE 2,Ganpati Matha to Deccan Gymkhana,Ganpati Matha,Deccan Gymkhana,Up,METRO SHUTTLE 2 | Ganpati Matha to Deccan Gymkhana (Up)
597,1111,METRO SHUTTLE 2,Deccan Gymkhana to Ganpati Matha,Deccan Gymkhana,Ganpati Matha,Down,METRO SHUTTLE 2 | Deccan Gymkhana to Ganpati Matha (Down)
598,1112,METRO SHUTTLE 31,Kalewadi Phata to Pimpri Chowk Metro Station,Kalewadi Phata,Pimpri Chowk Metro Station,Up,METRO SHUTTLE 31 | Kalewadi Phata to Pimpri Chowk Metro Station (Up)
599,1113,METRO SHUTTLE 31,Pimpri Chowk Metro Station to Kalewadi Phata,Pimpri Chowk Metro Station,Kalewadi Phata,Down,METRO SHUTTLE 31 | Pimpri Chowk Metro Station to Kalewadi Phata (Down)
600,1114,METRO SHUTTLE 32,Nigdi Bhakti Shakti to Nashik Phata,Nigdi Bhakti Shakti,Nashik Phata,Up,METRO SHUTTLE 32 | Nigdi Bhakti Shakti to Nashik Phata (Up)
601,1115,METRO SHUTTLE 32,Nashik Phata Metro Station to Nigdi Bhakti Shakti,Nashik Phata Metro Station,Nigdi Bhakti Shakti,Down,METRO SHUTTLE 32 | Nashik Phata Metro Station to Nigdi Bhakti Shakti (Down)
602,1130,N15,Rupee Nagar to Nigdi Pawale Chowk,Rupee Nagar,Nigdi Pawale Chowk,Up,N15 | Rupee Nagar to Nigdi Pawale Chowk (Up)
603,1131,N15,Nigdi Pawale Chowk to Rupee Nagar,Nigdi Pawale Chowk,Rupee Nagar,Down,N15 | Nigdi Pawale Chowk to Rupee Nagar (Down)
604,1132,N16,Nageshwar Vidyalaya Chikhli to Akurdi Khandoba Maal,Nageshwar Vidyalaya Chikhli,Akurdi Khandoba Maal,Up,N16 | Nageshwar Vidyalaya Chikhli to Akurdi Khandoba Maal (Up)
605,1133,N16,Akurdi Khandoba Maal to Nageshwar Vidyalaya Chikhli,Akurdi Khandoba Maal,Nageshwar Vidyalaya Chikhli,Down,N16 | Akurdi Khandoba Maal to Nageshwar Vidyalaya Chikhli (Down)
606,1134,P13,Walhekarwadi to Pimpri Chowk Metro Station,Walhekarwadi,Pimpri Chowk Metro Station,Up,P13 | Walhekarwadi to Pimpri Chowk Metro Station (Up)
607,1135,P13,Pimpri Chowk Metro Station to Walhekarwadi,Pimpri Chowk Metro Station,Walhekarwadi,Down,P13 | Pimpri Chowk Metro Station to Walhekarwadi (Down)
608,1136,RATRANI 1,Mariaai Gate Navin St Stand to Katraj,Mariaai Gate Navin St Stand,Katraj,Up,RATRANI 1 | Mariaai Gate Navin St Stand to Katraj (Up)
609,1137,RATRANI 1,Katraj to Mariaai Gate Navin St Stand,Katraj,Mariaai Gate Navin St Stand,Down,RATRANI 1 | Katraj to Mariaai Gate Navin St Stand (Down)
610,1138,RATRANI 2,Pune Station Moledina Stand to Katraj,Pune Station Moledina Stand,Katraj,Up,RATRANI 2 | Pune Station Moledina Stand to Katraj (Up)
611,1139,RATRANI 2,Katraj to Pune Station Moledina Stand,Katraj,Pune Station Moledina Stand,Down,RATRANI 2 | Katraj to Pune Station Moledina Stand (Down)
612,1140,RATRANI 3,Hadapsar Gadital to Swargate,Hadapsar Gadital,Swargate,Up,RATRANI 3 | Hadapsar Gadital to Swargate (Up)
613,1141,RATRANI 3,Swargate to Hadapsar Gadital,Swargate,Hadapsar Gadital,Down,RATRANI 3 | Swargate to Hadapsar Gadital (Down)
614,1142,RATRANI 4,Pune Station St. Helena'S Stand to Hadapsar Gadital,Pune Station St. Helena'S Stand,Hadapsar Gadital,Up,RATRANI 4 | Pune Station St. Helena'S Stand to Hadapsar Gadital (Up)
615,1143,RATRANI 4,Hadapsar Gadital to Pune Station St. Helena'S Stand,Hadapsar Gadital,Pune Station St. Helena'S Stand,Down,RATRANI 4 | Hadapsar Gadital to Pune Station St. Helena'S Stand (Down)
616,1146,RATRANI 7,Nda 10 No. Gate to Pune Station Moledina Stand,Nda 10 No. Gate,Pune Station Moledina Stand,Up,RATRANI 7 | Nda 10 No. Gate to Pune Station Moledina Stand (Up)
617,1147,RATRANI 7,Pune Station Moledina Stand to Nda 10 No. Gate,Pune Station Moledina Stand,Nda 10 No. Gate,Down,RATRANI 7 | Pune Station Moledina Stand to Nda 10 No. Gate (Down)
