route_key,time_key,trip_count,avg_headway_min
3,0,1,
3,5,2,20.0
3,6,3,18.3
3,7,3,20.0
3,8,6,9.2
3,9,5,13.0
3,10,5,13.0
3,11,4,12.5
3,12,4,16.2
3,13,5,13.0
3,14,2,20.0
3,15,7,10.7
3,16,5,13.0
3,17,4,13.8
3,18,5,13.0
3,19,4,15.0
3,20,5,12.0
3,21,4,11.2
3,22,3,20.0
3,23,3,23.3
46,6,2,40.0
46,7,1,25.0
46,8,3,28.3
46,9,2,37.5
46,10,1,45.0
46,11,2,35.0
46,12,2,30.0
46,13,2,30.0
46,14,2,20.0
46,15,1,75.0
46,16,2,30.0
46,17,1,30.0
46,18,2,35.0
46,19,2,45.0
46,20,1,25.0
46,21,2,37.5
548,6,1,
548,7,1,80.0
548,8,1,70.0
548,9,1,50.0
548,11,1,90.0
548,12,1,90.0
548,13,1,55.0
548,15,1,95.0
548,16,1,55.0
548,17,1,80.0
548,18,1,65.0
548,20,1,90.0
549,6,1,
549,7,1,60.0
549,8,1,50.0
549,9,1,90.0
549,11,2,70.0
549,13,1,85.0
549,14,1,60.0
549,15,1,90.0
549,16,1,65.0
549,18,1,85.0
549,19,1,60.0
549,20,1,85.0
550,6,1,
550,8,1,145.0
550,10,1,145.0
550,14,1,
550,17,1,
550,20,1,150.0
551,7,1,
551,9,1,155.0
551,13,1,
551,16,1,
551,18,1,150.0
552,6,1,
552,8,1,140.0
552,10,2,70.0
552,13,1,140.0
552,15,1,140.0
552,17,1,140.0
552,20,1,140.0
553,5,1,
553,7,1,135.0
553,9,1,140.0
553,11,1,140.0
553,14,1,140.0
553,16,1,140.0
553,18,1,140.0
553,21,1,140.0
553,22,1,70.0
47,6,1,
47,8,1,130.0
47,11,1,175.0
47,13,1,130.0
554,7,2,25.0
554,9,1,120.0
554,12,2,102.5
554,16,1,
554,19,2,107.5
554,21,1,115.0
555,6,2,30.0
555,8,1,105.0
555,11,2,105.0
555,14,2,72.5
555,16,1,110.0
555,17,1,105.0
555,20,1,150.0
556,6,3,25.0
556,7,2,25.0
556,8,1,30.0
556,9,2,45.0
556,10,2,30.0
556,11,2,25.0
556,12,2,37.5
556,13,2,25.0
556,14,3,25.0
556,15,1,20.0
556,16,2,42.5
556,17,3,23.3
556,18,2,30.0
556,19,2,30.0
556,20,1,30.0
556,21,2,40.0
48,5,1,
48,7,1,125.0
48,9,1,130.0
48,12,1,175.0
557,6,2,25.0
557,7,2,37.5
557,8,3,25.0
557,9,2,27.5
557,10,1,50.0
557,11,2,32.5
557,12,2,30.0
557,13,2,25.0
557,14,2,37.5
557,15,1,50.0
557,16,3,25.0
557,17,2,25.0
557,18,1,25.0
557,19,3,35.0
557,20,2,30.0
557,21,1,30.0
558,8,1,
558,11,1,
559,7,1,
559,9,1,100.0
560,9,1,
560,12,1,135.0
561,8,1,
561,10,1,135.0
562,0,3,15.0
562,5,3,20.0
562,6,3,20.0
562,7,6,10.0
562,8,6,10.0
562,9,4,15.0
562,10,3,20.0
562,11,4,16.2
562,12,5,12.0
562,13,6,9.2
562,14,4,15.0
562,15,3,15.0
562,16,3,20.0
562,17,8,9.4
562,18,2,17.5
562,19,1,40.0
562,20,3,35.0
562,21,3,20.0
562,22,4,15.0
562,23,2,25.0
563,5,3,20.0
563,6,3,20.0
563,7,6,11.7
563,8,3,20.0
563,9,4,15.0
563,10,6,10.0
563,11,4,16.2
563,12,4,15.0
563,13,3,18.3
563,14,6,10.8
563,15,4,12.5
563,16,3,11.7
563,17,1,85.0
563,18,3,23.3
563,19,4,13.8
563,20,6,10.0
563,21,4,13.8
563,22,4,17.5
563,23,1,20.0
564,6,3,22.5
564,7,2,30.0
564,8,3,21.7
564,9,2,25.0
564,10,3,16.7
564,11,3,25.0
564,12,2,32.5
564,13,2,27.5
564,14,3,18.3
564,15,1,20.0
564,16,2,57.5
564,17,2,22.5
564,18,1,55.0
564,20,3,45.0
564,21,1,55.0
565,5,3,22.5
565,6,3,21.7
565,7,3,21.7
565,8,3,18.3
565,9,2,25.0
565,10,2,25.0
565,11,2,30.0
565,12,4,20.0
565,13,2,22.5
565,14,2,37.5
565,15,2,32.5
565,16,2,12.5
565,17,1,55.0
565,18,1,90.0
565,19,2,22.5
565,20,1,60.0
566,6,2,40.0
566,7,2,30.0
566,8,2,30.0
566,9,2,30.0
566,10,2,30.0
566,11,1,55.0
566,12,2,30.0
566,13,2,30.0
566,14,2,35.0
566,15,2,30.0
566,16,2,30.0
566,17,2,30.0
566,18,2,30.0
566,19,1,40.0
566,20,2,45.0
567,6,1,
567,7,2,30.0
567,8,2,30.0
567,9,2,30.0
567,10,2,30.0
567,11,1,40.0
567,12,2,45.0
567,13,2,30.0
567,14,2,37.5
567,15,2,30.0
567,16,2,30.0
567,17,2,30.0
567,18,2,30.0
567,19,2,30.0
567,20,1,50.0
567,21,1,40.0
568,7,1,
568,8,1,70.0
568,9,1,70.0
568,11,1,100.0
568,12,1,70.0
568,15,1,
568,17,1,90.0
568,18,1,90.0
569,6,1,
569,8,1,70.0
569,9,1,70.0
569,10,1,70.0
569,12,1,100.0
569,13,1,55.0
569,16,1,
569,18,1,90.0
570,6,1,
570,8,1,80.0
570,9,1,80.0
570,10,1,80.0
570,12,1,80.0
570,13,1,110.0
570,15,1,80.0
570,16,1,80.0
570,17,1,80.0
570,19,1,80.0
570,20,1,80.0
570,22,1,120.0
571,6,1,
571,7,1,80.0
571,8,1,80.0
571,10,1,80.0
571,11,1,80.0
571,13,1,110.0
571,14,1,80.0
571,15,1,80.0
571,17,1,80.0
571,18,1,80.0
571,19,1,80.0
571,21,1,120.0
572,6,1,
572,7,2,30.0
572,8,2,30.0
572,9,2,30.0
572,10,2,30.0
572,11,2,30.0
572,12,1,40.0
572,13,2,45.0
572,14,1,60.0
572,15,2,30.0
572,16,2,30.0
572,17,2,30.0
572,18,2,30.0
572,19,2,30.0
572,20,1,40.0
572,21,1,50.0
572,22,1,40.0
573,6,2,40.0
573,7,2,30.0
573,8,2,30.0
573,9,2,30.0
573,10,2,30.0
573,11,2,30.0
573,12,1,50.0
573,13,2,30.0
573,14,1,40.0
573,15,1,60.0
573,16,2,30.0
573,17,2,30.0
573,18,2,30.0
573,19,2,30.0
573,20,2,45.0
573,21,1,40.0
574,6,5,10.0
574,7,6,11.7
574,8,5,10.0
574,9,5,12.0
574,10,5,12.0
574,11,4,17.5
574,12,4,15.0
574,13,5,11.0
574,14,6,10.0
574,15,5,11.0
574,16,5,12.0
574,17,5,13.0
574,18,6,10.8
574,19,3,16.7
574,20,4,16.2
574,21,5,12.0
574,22,2,12.5
575,5,2,10.0
575,6,6,10.0
575,7,5,12.0
575,8,6,10.8
575,9,5,12.0
575,10,4,12.5
575,11,4,17.5
575,12,4,13.8
575,13,5,11.0
575,14,7,10.0
575,15,5,12.0
575,16,5,12.0
575,17,5,12.0
575,18,4,11.2
575,19,4,16.2
575,20,4,15.0
575,21,5,13.0
576,6,3,20.0
576,7,4,17.5
576,8,4,15.0
576,9,5,12.0
576,10,5,12.0
576,11,6,10.0
576,12,3,20.0
576,13,4,12.5
576,14,4,18.8
576,15,3,15.0
576,16,4,17.5
576,17,3,16.7
576,18,5,14.0
576,19,5,12.0
576,20,4,15.0
576,21,3,20.0
576,22,2,15.0
577,6,3,20.0
577,7,4,15.0
577,8,3,16.7
577,9,5,14.0
577,10,6,10.0
577,11,3,16.7
577,12,5,14.0
577,13,4,15.0
577,15,4,30.0
577,16,6,10.0
577,17,3,20.0
577,18,4,15.0
577,19,5,12.0
577,20,3,16.7
577,21,4,17.5
578,6,1,
578,8,1,140.0
578,10,1,140.0
578,12,1,90.0
578,13,2,27.5
578,15,2,70.0
578,16,1,55.0
578,17,2,40.0
578,18,1,35.0
578,20,1,105.0
578,21,1,90.0
578,22,1,50.0
579,5,1,
579,7,1,135.0
579,9,1,140.0
579,11,1,140.0
579,12,1,45.0
579,14,1,95.0
579,15,1,50.0
579,16,3,36.7
579,17,1,55.0
579,18,1,65.0
579,21,2,70.0
579,22,1,50.0
582,5,1,
582,6,1,20.0
582,7,2,37.5
582,8,2,40.0
582,9,1,60.0
582,10,1,20.0
582,11,2,55.0
582,12,1,60.0
582,13,1,20.0
582,14,2,35.0
582,15,1,70.0
582,17,1,105.0
582,18,1,85.0
582,20,1,80.0
582,21,1,75.0
583,6,2,20.0
583,7,1,60.0
583,8,1,20.0
583,9,2,40.0
583,10,2,40.0
583,12,2,55.0
583,13,2,37.5
583,15,1,70.0
583,16,1,75.0
583,18,1,105.0
583,19,1,85.0
583,20,1,80.0
583,22,1,75.0
584,6,1,
584,7,2,25.0
584,8,3,25.0
584,9,2,25.0
584,10,2,25.0
584,11,2,27.5
584,12,2,37.5
584,13,2,27.5
584,14,1,35.0
584,15,3,33.3
584,16,2,25.0
584,17,2,25.0
584,18,3,25.0
584,19,2,25.0
584,20,1,55.0
584,21,2,40.0
585,6,2,25.0
585,7,2,25.0
585,8,3,25.0
585,9,2,25.0
585,10,2,25.0
585,11,2,40.0
585,12,2,25.0
585,13,2,30.0
585,14,1,55.0
585,15,3,25.0
585,16,2,25.0
585,17,2,25.0
585,18,3,25.0
585,19,1,25.0
585,20,2,42.5
585,21,1,50.0
586,6,1,
586,7,2,30.0
586,8,2,30.0
586,9,2,30.0
586,10,2,30.0
586,11,2,30.0
586,12,1,60.0
586,13,2,30.0
586,14,1,60.0
586,15,2,30.0
586,16,2,30.0
586,17,2,30.0
586,18,2,30.0
586,19,1,30.0
586,20,2,45.0
586,21,1,65.0
587,6,2,30.0
587,7,2,30.0
587,8,2,30.0
587,9,2,30.0
587,10,2,30.0
587,11,1,30.0
587,12,2,45.0
587,13,2,30.0
587,14,1,45.0
587,15,2,37.5
587,16,2,30.0
587,17,2,30.0
587,18,2,30.0
587,19,1,60.0
587,20,2,32.5
587,21,1,30.0
588,6,2,50.0
588,7,1,50.0
588,8,1,50.0
588,9,1,50.0
588,10,1,50.0
588,11,1,50.0
588,12,1,80.0
588,13,1,50.0
588,14,1,50.0
588,15,2,57.5
588,16,1,55.0
588,17,1,50.0
588,18,1,50.0
588,19,1,55.0
588,20,1,80.0
588,21,1,50.0
589,6,1,
589,7,1,50.0
589,8,2,50.0
589,9,1,50.0
589,10,1,50.0
589,11,1,50.0
589,12,1,80.0
589,13,1,50.0
589,14,1,65.0
589,15,1,50.0
589,16,1,55.0
589,17,1,50.0
589,18,2,50.0
589,19,1,55.0
589,21,1,80.0
589,22,1,50.0
590,8,1,
590,10,1,110.0
590,11,1,105.0
591,9,1,
591,11,1,105.0
592,8,2,40.0
592,10,2,60.0
592,12,2,60.0
592,16,1,
592,18,2,60.0
593,7,2,40.0
593,9,2,60.0
593,11,2,60.0
593,15,1,
593,17,2,60.0
593,19,1,100.0
594,6,1,
594,9,1,145.0
594,12,1,180.0
594,15,1,
594,18,1,150.0
594,21,1,180.0
595,6,1,
595,8,1,120.0
595,11,1,180.0
595,13,1,150.0
595,17,1,
595,20,1,180.0
49,6,1,
49,7,3,23.3
49,8,2,20.0
49,9,3,23.3
49,10,3,25.0
49,11,2,27.5
49,12,2,25.0
49,13,2,27.5
49,14,2,20.0
49,15,2,50.0
49,16,3,20.0
49,17,2,25.0
49,18,3,20.0
49,19,3,23.3
49,20,2,22.5
49,21,1,40.0
49,22,3,26.7
49,23,1,20.0
50,5,1,
50,6,3,23.3
50,7,2,20.0
50,8,3,23.3
50,9,2,20.0
50,10,3,30.0
50,11,2,25.0
50,12,2,27.5
50,13,3,18.3
50,14,3,26.7
50,16,3,38.3
50,17,3,20.0
50,18,2,27.5
50,19,3,20.0
50,20,1,45.0
50,21,3,25.0
50,22,1,20.0
596,8,1,
596,9,2,40.0
596,10,1,40.0
596,11,2,40.0
596,12,1,45.0
596,13,1,40.0
596,16,2,110.0
596,17,1,45.0
596,18,1,45.0
596,19,2,45.0
597,7,1,
597,8,1,40.0
597,9,1,80.0
597,10,1,40.0
597,11,2,40.0
597,12,1,40.0
597,14,1,145.0
597,15,1,40.0
597,16,1,80.0
597,17,1,45.0
597,18,1,45.0
597,19,1,45.0
597,21,1,120.0
598,7,1,
598,8,1,60.0
598,9,1,60.0
598,10,1,60.0
598,11,1,60.0
598,15,1,
598,16,1,60.0
598,17,1,60.0
598,18,1,60.0
598,19,1,60.0
599,7,1,
599,8,1,60.0
599,9,1,60.0
599,10,1,60.0
599,11,1,60.0
599,14,1,
599,15,1,60.0
599,16,1,60.0
599,17,1,60.0
599,18,1,60.0
600,9,1,
600,10,1,90.0
600,12,1,90.0
600,15,1,
600,17,1,90.0
600,18,1,90.0
601,8,1,
601,9,1,90.0
601,11,1,90.0
601,12,1,90.0
601,16,1,
601,18,1,90.0
51,9,1,
51,12,1,
51,14,1,105.0
51,16,1,95.0
51,19,1,180.0
52,7,1,
52,11,1,
52,14,1,170.0
52,17,1,
52,21,1,
52,23,1,110.0
602,6,1,
602,7,2,40.0
602,8,1,40.0
602,9,2,40.0
602,10,1,40.0
602,11,2,40.0
602,12,1,70.0
602,13,1,40.0
602,15,2,72.5
602,16,1,40.0
602,17,2,40.0
602,18,1,40.0
602,19,2,40.0
602,21,2,55.0
603,6,2,40.0
603,7,1,40.0
603,8,2,40.0
603,9,1,40.0
603,10,2,40.0
603,11,1,40.0
603,12,1,70.0
603,13,1,40.0
603,14,1,105.0
603,15,1,40.0
603,16,2,40.0
603,17,1,40.0
603,18,2,40.0
603,19,1,40.0
603,20,1,70.0
603,21,1,40.0
603,22,1,70.0
604,7,1,
604,8,1,60.0
604,9,1,60.0
604,10,1,60.0
604,12,1,90.0
605,7,1,
605,8,1,60.0
605,9,1,60.0
605,10,1,60.0
605,11,1,90.0
606,7,1,
606,8,1,90.0
606,10,1,90.0
606,11,1,90.0
606,13,1,120.0
606,15,1,115.0
606,16,1,90.0
606,18,1,90.0
606,19,1,90.0
606,22,1,125.0
607,6,1,
607,7,1,90.0
607,9,1,90.0
607,10,1,90.0
607,12,1,120.0
607,14,1,90.0
607,16,1,115.0
607,17,1,90.0
607,19,1,90.0
607,21,1,125.0
608,6,1,
608,8,1,140.0
608,10,1,140.0
608,13,1,140.0
608,15,1,140.0
608,17,1,140.0
608,20,1,140.0
609,7,1,
609,9,1,140.0
609,11,1,140.0
609,14,1,140.0
609,15,1,85.0
609,16,1,55.0
609,18,1,140.0
609,21,1,140.0
610,6,1,
610,8,1,140.0
610,10,1,140.0
610,13,1,140.0
610,15,1,140.0
610,17,1,140.0
610,20,1,140.0
611,7,1,
611,9,1,140.0
611,11,1,140.0
611,14,1,140.0
611,15,1,80.0
611,16,1,60.0
611,18,1,140.0
611,21,1,140.0
53,6,1,
53,7,1,80.0
53,8,2,22.5
53,9,2,42.5
53,10,1,20.0
53,11,2,50.0
53,12,1,20.0
53,13,1,85.0
53,15,1,130.0
53,17,1,120.0
53,19,1,120.0
53,22,1,150.0
612,6,1,
612,8,1,140.0
612,10,1,140.0
612,13,1,140.0
612,15,1,140.0
612,17,1,140.0
612,20,1,140.0
613,7,1,
613,9,1,140.0
613,11,1,140.0
613,12,1,15.0
613,14,1,125.0
613,16,1,140.0
613,18,1,140.0
613,21,1,140.0
614,6,1,
614,8,1,140.0
614,10,1,140.0
614,13,1,140.0
614,15,1,140.0
614,17,1,140.0
614,20,1,140.0
615,5,1,
615,7,1,135.0
615,9,1,140.0
615,11,1,140.0
615,14,2,85.0
615,16,1,110.0
615,18,1,140.0
615,21,1,140.0
616,6,1,
616,8,1,140.0
616,10,1,140.0
616,13,1,140.0
616,15,1,140.0
616,17,1,140.0
616,20,1,140.0
617,7,1,
617,9,1,140.0
617,11,1,140.0
617,14,1,140.0
617,15,1,75.0
617,16,1,65.0
617,18,1,140.0
617,21,1,140.0
54,5,1,
54,6,1,80.0
54,7,2,22.5
54,8,2,40.0
54,9,1,20.0
54,10,3,33.3
54,12,1,110.0
54,14,1,105.0
54,16,1,135.0
54,18,1,120.0
54,21,1,150.0
54,23,1,125.0
55,6,2,20.0
55,7,1,40.0
55,8,3,28.3
55,9,2,20.0
55,10,3,30.0
55,11,2,20.0
55,12,1,55.0
55,13,3,26.7
55,14,1,20.0
55,15,3,31.7
55,16,1,40.0
55,17,2,37.5
55,18,2,30.0
55,19,1,60.0
55,20,2,20.0
55,21,1,40.0
55,22,2,52.5
55,23,2,32.5
56,5,2,25.0
56,6,1,40.0
56,7,3,26.7
56,8,1,40.0
56,9,3,30.0
56,10,2,20.0
56,11,2,35.0
56,12,3,20.0
56,13,2,27.5
56,14,4,16.2
56,15,1,40.0
56,16,4,22.5
56,17,1,40.0
56,18,2,40.0
56,19,2,30.0
56,20,1,60.0
56,21,2,20.0
56,22,1,45.0
56,23,2,32.5
57,6,2,30.0
57,7,1,25.0
57,8,3,35.0
57,9,1,20.0
57,10,2,42.5
57,11,2,22.5
57,12,1,55.0
57,13,2,40.0
57,14,2,35.0
57,15,2,32.5
57,16,1,20.0
57,17,2,45.0
57,18,2,22.5
57,19,1,60.0
57,20,3,26.7
57,21,1,60.0
57,22,1,60.0
57,23,2,20.0
58,5,2,25.0
58,6,1,20.0
58,7,3,33.3
58,8,1,20.0
58,9,2,45.0
58,10,2,20.0
58,11,2,45.0
58,12,2,20.0
58,13,2,30.0
58,14,2,42.5
58,15,2,25.0
58,16,1,55.0
58,17,2,20.0
58,18,1,60.0
58,19,3,26.7
58,20,1,60.0
58,21,2,30.0
58,22,1,20.0
58,23,1,90.0
59,11,1,
248,7,1,
248,9,2,60.0
248,11,1,90.0
248,12,1,60.0
248,13,1,50.0
248,14,2,50.0
248,17,1,135.0
248,18,1,105.0
248,21,1,130.0
249,7,1,
249,8,2,55.0
249,10,1,90.0
249,11,1,60.0
249,12,1,50.0
249,13,1,60.0
249,14,2,40.0
249,18,1,
249,20,1,130.0
60,14,1,
61,8,1,
61,9,1,80.0
61,11,1,120.0
61,12,1,80.0
61,17,1,
61,19,1,80.0
366,6,1,
366,8,1,120.0
366,10,1,120.0
366,13,1,150.0
367,5,1,
367,7,1,120.0
367,9,1,120.0
367,12,1,150.0
62,7,1,
62,8,1,80.0
62,10,1,110.0
62,12,1,90.0
62,13,1,100.0
62,18,1,
200,7,1,
200,9,1,160.0
200,12,1,150.0
200,15,1,170.0
200,17,1,170.0
201,8,2,30.0
201,11,1,140.0
201,16,1,
201,19,1,170.0
4,0,1,
4,5,2,15.0
4,6,3,20.0
4,7,3,20.0
4,8,6,10.8
4,9,6,9.2
4,10,3,18.3
4,11,5,14.0
4,12,6,9.2
4,13,4,16.2
4,14,3,18.3
4,15,5,10.0
4,16,4,18.8
4,17,4,13.8
4,18,5,13.0
4,19,4,15.0
4,20,6,10.0
4,21,4,11.2
4,22,3,20.0
4,23,3,23.3
63,7,1,
63,9,1,90.0
63,14,1,
63,15,1,65.0
63,17,1,115.0
63,18,1,60.0
64,5,1,
64,6,1,60.0
64,12,1,
64,14,1,95.0
64,16,2,47.5
64,18,1,165.0
64,22,1,
374,6,1,
374,8,1,85.0
374,11,2,100.0
374,15,1,
374,20,1,
375,4,1,
375,6,1,80.0
375,9,1,170.0
375,10,1,90.0
375,13,1,155.0
375,18,1,
65,6,1,
65,7,2,30.0
65,8,2,30.0
65,9,3,21.7
65,10,3,20.0
65,11,2,27.5
65,12,2,30.0
65,13,2,30.0
65,14,2,30.0
65,15,2,30.0
65,16,2,30.0
65,17,2,30.0
65,18,2,30.0
65,19,2,30.0
65,20,2,30.0
65,21,2,30.0
65,22,2,30.0
65,23,2,30.0
580,6,1,
580,8,1,140.0
580,10,1,140.0
580,13,1,140.0
580,15,1,140.0
580,17,1,140.0
580,20,1,140.0
581,5,1,
581,7,1,135.0
581,9,1,140.0
581,11,1,140.0
581,14,1,140.0
581,16,1,140.0
581,18,1,140.0
581,21,1,140.0
66,4,1,
66,5,2,30.0
66,6,2,30.0
66,7,2,32.5
66,8,2,25.0
66,9,3,21.7
66,10,2,30.0
66,11,2,30.0
66,12,3,21.7
66,13,3,20.0
66,14,2,12.5
66,15,4,26.2
66,16,3,18.3
66,17,2,30.0
66,19,1,110.0
66,20,2,30.0
66,21,2,30.0
67,4,1,
67,5,2,30.0
67,6,2,30.0
67,7,2,30.0
67,8,3,20.0
67,9,2,30.0
67,10,2,30.0
67,11,2,30.0
67,12,2,30.0
67,13,4,20.0
67,14,4,13.8
67,15,3,20.0
67,16,1,30.0
67,17,1,80.0
67,18,1,55.0
67,19,2,30.0
67,20,2,30.0
67,21,2,30.0
68,6,1,
68,7,2,30.0
68,8,2,30.0
68,9,2,30.0
68,10,3,20.0
68,11,2,30.0
68,12,2,30.0
68,13,2,30.0
68,14,2,30.0
68,15,1,60.0
68,16,2,30.0
68,17,2,30.0
68,18,2,30.0
68,19,2,30.0
68,20,2,30.0
68,21,2,30.0
68,22,2,30.0
68,23,2,30.0
5,7,1,
5,8,2,45.0
5,9,1,65.0
5,10,1,60.0
5,11,1,30.0
5,12,2,50.0
5,13,1,60.0
5,14,1,35.0
5,15,2,40.0
5,16,1,60.0
5,17,1,30.0
5,18,1,70.0
5,19,2,47.5
5,21,1,85.0
5,22,2,47.5
69,6,3,15.0
69,7,4,15.0
69,8,4,15.0
69,9,4,15.0
69,10,6,10.0
69,11,4,15.0
69,12,5,14.0
69,13,4,12.5
69,14,4,15.0
69,15,3,20.0
69,16,5,13.0
69,17,5,11.0
69,18,5,13.0
69,19,5,11.0
69,20,5,13.0
69,21,3,16.7
69,22,4,16.2
69,23,6,10.8
70,5,3,15.0
70,6,4,15.0
70,7,4,13.8
70,8,5,14.0
70,9,4,12.5
70,10,4,15.0
70,11,5,14.0
70,12,4,12.5
70,13,4,15.0
70,14,5,12.0
70,15,4,15.0
70,16,4,15.0
70,17,5,13.0
70,18,5,11.0
70,19,5,13.0
70,20,3,16.7
70,21,4,16.2
70,22,6,10.8
71,10,1,
71,13,1,175.0
72,8,1,
72,11,1,175.0
73,6,3,15.0
73,7,4,15.0
73,8,4,17.5
73,9,4,15.0
73,10,3,18.3
73,11,4,15.0
73,12,3,13.3
73,13,3,25.0
73,14,4,15.0
73,15,3,21.7
73,16,4,15.0
73,17,4,13.8
73,18,4,15.0
73,19,5,14.0
73,20,4,15.0
73,21,3,20.0
73,22,3,16.7
73,23,1,15.0
74,5,3,15.0
74,6,3,15.0
74,7,4,20.0
74,8,4,15.0
74,9,3,18.3
74,10,5,14.0
74,11,2,15.0
74,12,5,18.0
74,13,4,11.2
74,14,4,16.2
74,15,4,15.0
74,16,4,17.5
74,17,4,15.0
74,18,4,13.8
74,19,4,15.0
74,20,3,20.0
74,21,3,18.3
74,22,1,15.0
6,5,1,
6,6,1,60.0
6,7,1,30.0
6,8,1,55.0
6,9,2,45.0
6,10,1,60.0
6,11,1,40.0
6,12,1,60.0
6,13,2,42.5
6,14,1,15.0
6,15,2,45.0
6,17,1,85.0
6,18,2,47.5
6,20,1,95.0
6,21,2,47.5
75,7,1,
75,8,1,90.0
75,10,1,115.0
75,12,1,95.0
75,14,1,135.0
75,16,1,95.0
75,18,1,115.0
75,20,1,145.0
76,6,1,
76,8,1,90.0
76,9,1,95.0
76,11,1,120.0
76,13,1,130.0
76,15,2,57.5
76,17,1,90.0
76,19,1,110.0
77,6,1,
77,8,1,95.0
77,10,1,140.0
77,12,1,100.0
77,16,1,
77,20,1,
78,5,1,
78,6,1,90.0
78,8,1,110.0
78,10,1,130.0
78,13,1,180.0
78,18,1,
79,6,2,25.0
79,7,1,75.0
79,8,2,27.5
79,9,1,65.0
79,10,2,30.0
79,12,1,75.0
79,13,2,47.5
79,14,1,55.0
79,15,1,40.0
79,17,2,67.5
79,19,1,120.0
79,20,1,60.0
79,22,1,115.0
80,5,1,
80,6,1,30.0
80,7,3,36.7
80,8,1,65.0
80,9,2,27.5
80,11,1,80.0
80,12,2,45.0
80,13,1,60.0
80,14,1,20.0
80,15,1,90.0
80,16,1,55.0
80,18,1,115.0
80,19,1,65.0
80,21,1,115.0
81,7,1,
81,9,1,160.0
81,12,1,
81,15,1,150.0
81,18,1,
81,21,1,160.0
82,6,1,
82,8,1,135.0
82,11,1,160.0
82,14,1,175.0
82,16,1,160.0
82,19,1,
7,6,1,
7,9,1,175.0
7,12,1,
7,15,1,175.0
7,19,1,
83,7,1,
83,8,2,35.0
83,9,1,55.0
83,10,1,70.0
83,11,2,37.5
83,12,1,50.0
83,13,1,60.0
83,14,2,37.5
83,15,1,45.0
83,16,1,50.0
83,18,1,120.0
83,19,1,90.0
83,22,1,125.0
84,6,2,50.0
84,7,1,25.0
84,8,2,40.0
84,9,2,37.5
84,10,1,55.0
84,11,1,70.0
84,12,1,60.0
84,13,1,20.0
84,14,2,50.0
84,16,1,120.0
84,17,1,60.0
84,20,1,125.0
85,8,1,
85,10,1,140.0
85,13,1,155.0
85,16,1,
85,19,1,135.0
85,22,1,175.0
86,7,1,
86,9,1,135.0
86,12,1,160.0
86,15,1,165.0
86,18,1,170.0
86,20,1,170.0
87,6,1,
87,7,2,40.0
87,8,3,25.0
87,9,2,25.0
87,10,3,25.0
87,11,2,25.0
87,12,2,30.0
87,13,1,45.0
87,14,2,40.0
87,15,1,30.0
87,16,2,45.0
87,17,1,25.0
87,18,2,42.5
87,19,1,25.0
87,20,2,42.5
87,21,1,50.0
87,22,1,60.0
87,23,1,40.0
88,5,1,
88,6,2,37.5
88,7,2,25.0
88,8,3,25.0
88,9,2,25.0
88,10,3,25.0
88,11,2,27.5
88,12,1,50.0
88,13,1,55.0
88,14,2,17.5
88,15,1,85.0
88,16,1,45.0
88,17,2,42.5
88,18,1,25.0
88,19,2,42.5
88,20,1,50.0
88,21,2,42.5
88,22,1,20.0
8,5,1,
8,7,1,140.0
8,10,1,
8,14,1,
8,17,1,
89,6,1,
89,11,1,
89,16,1,
90,9,1,
90,13,1,
90,19,1,
91,5,1,
91,7,1,115.0
91,8,3,21.7
91,9,3,20.0
91,10,1,50.0
91,12,3,46.7
91,13,2,20.0
91,14,2,30.0
91,15,1,25.0
91,16,2,57.5
91,18,2,47.5
91,21,2,90.0
91,22,1,55.0
92,5,1,
92,6,3,21.7
92,7,3,16.7
92,9,1,120.0
92,10,3,20.0
92,11,2,25.0
92,12,2,32.5
92,14,1,105.0
92,15,2,42.5
92,16,3,16.7
92,18,2,70.0
92,20,1,75.0
92,21,1,65.0
92,22,1,70.0
93,6,1,
93,7,3,20.0
93,8,3,20.0
93,9,4,15.0
93,10,3,20.0
93,11,3,20.0
93,12,3,20.0
93,13,4,15.0
93,14,3,20.0
93,15,3,20.0
93,16,3,20.0
93,17,3,20.0
93,18,2,20.0
93,19,3,26.7
93,20,3,20.0
93,21,3,20.0
93,22,3,20.0
94,0,1,
94,5,3,20.0
94,6,3,20.0
94,7,4,17.5
94,8,3,16.7
94,9,3,20.0
94,10,3,20.0
94,11,4,17.5
94,12,5,12.0
94,13,3,20.0
94,14,2,30.0
94,15,1,15.0
94,16,2,32.5
94,17,2,45.0
94,18,3,20.0
94,19,3,20.0
94,20,3,20.0
94,21,1,20.0
94,22,1,80.0
95,0,1,
95,5,2,15.0
95,6,4,15.0
95,7,5,14.0
95,8,6,10.0
95,9,4,15.0
95,10,5,11.0
95,11,6,9.2
95,12,6,10.8
95,13,7,8.6
95,14,5,13.0
95,15,2,10.0
95,16,1,100.0
95,17,5,12.0
95,18,3,13.3
95,19,4,17.5
95,20,3,20.0
95,21,2,30.0
95,22,5,14.0
95,23,2,17.5
96,5,5,12.5
96,6,6,10.0
96,7,6,10.0
96,8,6,10.8
96,9,5,11.0
96,10,6,10.8
96,11,5,10.0
96,12,5,13.0
96,13,4,15.0
96,14,5,11.0
96,15,3,23.3
96,16,5,12.0
96,18,3,40.0
96,19,3,15.0
96,20,5,13.0
96,21,2,22.5
96,22,1,30.0
96,23,1,65.0
9,8,1,
9,10,1,120.0
9,12,1,120.0
97,6,2,30.0
97,7,3,28.3
97,8,2,17.5
97,9,2,30.0
97,10,2,30.0
97,11,3,21.7
97,12,4,17.5
97,13,2,22.5
97,14,2,37.5
97,15,1,45.0
97,16,1,60.0
97,17,2,30.0
97,18,2,30.0
97,19,2,32.5
97,20,2,27.5
97,21,2,30.0
97,22,2,30.0
97,23,1,30.0
98,5,3,25.0
98,6,4,16.2
98,7,3,18.3
98,8,2,25.0
98,9,2,30.0
98,10,3,20.0
98,11,2,30.0
98,12,2,32.5
98,13,3,20.0
98,14,3,20.0
98,15,2,32.5
98,17,1,125.0
98,18,1,40.0
98,19,3,26.7
98,20,1,30.0
98,21,1,35.0
98,22,1,85.0
10,7,1,
10,9,1,105.0
10,11,1,125.0
99,5,3,25.0
99,6,2,22.5
99,7,4,17.5
99,8,2,27.5
99,9,3,21.7
99,10,2,32.5
99,11,3,20.0
99,12,2,22.5
99,13,2,20.0
99,14,1,55.0
99,15,1,75.0
99,16,2,40.0
99,17,2,30.0
99,18,2,30.0
99,19,2,30.0
99,20,2,30.0
99,21,1,30.0
99,22,1,75.0
100,6,2,25.0
100,7,3,25.0
100,8,3,18.3
100,9,2,22.5
100,10,3,25.0
100,11,2,30.0
100,12,2,27.5
100,13,2,30.0
100,14,2,25.0
100,15,2,32.5
100,16,2,30.0
100,17,1,30.0
100,18,2,45.0
100,19,2,30.0
100,20,2,30.0
100,21,2,30.0
100,22,2,30.0
101,6,1,
101,7,1,90.0
101,11,1,
101,12,1,80.0
101,16,1,
101,19,1,
102,9,1,
102,12,1,180.0
102,14,1,120.0
102,18,1,
103,5,1,
103,6,2,45.0
103,7,1,70.0
103,8,1,60.0
103,9,2,30.0
103,10,1,20.0
103,11,1,60.0
103,12,3,30.0
103,13,3,20.0
103,14,4,16.2
103,15,3,16.7
103,16,1,25.0
103,17,2,42.5
103,18,1,60.0
103,19,2,30.0
103,20,2,30.0
103,21,2,30.0
103,22,1,30.0
104,6,1,
104,7,1,60.0
104,8,3,26.7
104,9,1,30.0
104,10,2,45.0
104,11,2,25.0
104,12,2,30.0
104,13,1,60.0
104,14,2,30.0
104,15,2,32.5
104,16,1,45.0
104,17,2,30.0
104,18,2,30.0
104,19,1,30.0
104,20,2,45.0
104,21,2,30.0
104,22,2,30.0
104,23,2,30.0
105,5,2,30.0
105,6,2,30.0
105,7,3,23.3
105,8,2,30.0
105,9,2,30.0
105,10,2,25.0
105,11,2,30.0
105,12,3,25.0
105,13,2,22.5
105,14,3,25.0
105,15,1,20.0
105,16,2,52.5
105,18,2,57.5
105,19,2,30.0
105,20,2,30.0
105,21,2,30.0
105,22,1,30.0
105,23,1,45.0
106,6,2,30.0
106,7,2,30.0
106,8,2,27.5
106,9,2,27.5
106,10,2,30.0
106,11,3,26.7
106,12,2,30.0
106,13,2,30.0
106,14,2,30.0
106,15,1,35.0
106,16,2,37.5
106,17,2,30.0
106,18,2,30.0
106,19,1,60.0
106,20,2,30.0
106,21,2,30.0
106,22,2,30.0
106,23,2,30.0
107,8,2,35.0
107,10,1,120.0
107,11,1,45.0
107,13,1,140.0
107,16,1,180.0
107,20,1,
108,7,2,30.0
108,9,1,120.0
108,10,1,40.0
108,12,1,140.0
108,15,1,165.0
108,18,1,
109,6,1,
109,8,1,140.0
109,10,1,140.0
109,13,1,140.0
109,15,1,140.0
109,17,1,140.0
109,20,1,140.0
110,5,1,
110,7,1,135.0
110,9,1,140.0
110,11,1,140.0
110,14,1,140.0
110,16,1,140.0
110,18,1,140.0
110,21,1,140.0
111,5,3,20.0
111,6,4,17.5
111,7,4,15.0
111,8,3,16.7
111,9,4,16.2
111,10,3,18.3
111,11,3,20.0
111,12,3,20.0
111,13,4,18.8
111,14,1,30.0
111,15,3,26.7
111,16,2,17.5
111,17,3,30.0
111,18,3,20.0
111,19,3,20.0
111,20,1,20.0
111,21,4,25.0
111,22,1,20.0
112,6,2,20.0
112,7,3,20.0
112,8,5,13.0
112,9,4,15.0
112,10,4,17.5
112,11,3,16.7
112,12,3,20.0
112,13,3,20.0
112,14,3,21.7
112,15,1,30.0
112,16,2,42.5
112,17,3,20.0
112,18,3,20.0
112,19,4,17.5
112,20,3,20.0
112,21,2,20.0
112,22,2,35.0
112,23,3,16.7
113,7,1,
113,8,1,60.0
113,9,1,50.0
113,13,1,
113,14,1,60.0
113,15,1,60.0
114,5,1,
114,6,1,50.0
114,12,1,
114,13,1,40.0
114,18,1,
115,6,1,
115,7,6,12.5
115,8,4,13.8
115,9,3,16.7
115,10,3,20.0
115,11,5,14.0
115,12,5,12.0
115,13,4,13.8
115,14,4,17.5
115,15,5,12.0
115,16,5,11.0
115,17,4,13.8
115,18,4,15.0
115,19,2,27.5
115,20,4,16.2
115,21,7,9.3
115,22,4,15.0
115,23,3,16.7
116,0,5,7.5
116,1,1,35.0
116,5,5,10.0
116,6,5,13.0
116,7,4,13.8
116,8,4,13.8
116,9,6,10.8
116,10,4,15.0
116,11,3,15.0
116,12,3,21.7
116,13,5,14.0
116,14,5,12.0
116,15,7,8.6
116,16,2,32.5
116,17,3,18.3
116,18,5,12.0
116,19,5,13.0
116,20,3,15.0
116,21,2,32.5
116,22,5,12.0
116,23,6,11.7
117,6,1,
117,7,3,20.0
117,8,3,20.0
117,9,3,20.0
117,10,5,14.0
117,11,3,16.7
117,12,3,20.0
117,13,3,20.0
117,14,3,20.0
117,15,2,20.0
117,16,3,26.7
117,17,3,20.0
117,18,3,20.0
117,19,1,45.0
117,20,3,26.7
117,21,3,20.0
117,22,3,20.0
118,5,3,20.0
118,6,3,20.0
118,7,3,20.0
118,8,3,23.3
118,9,4,12.5
118,10,3,20.0
118,11,3,20.0
118,12,3,20.0
118,13,7,10.0
118,14,3,16.7
118,15,1,30.0
118,16,1,70.0
118,17,1,80.0
118,18,2,30.0
118,19,3,20.0
118,20,3,20.0
118,21,1,20.0
119,6,2,45.0
119,7,1,50.0
119,8,1,40.0
119,9,2,45.0
119,10,1,50.0
119,11,1,50.0
119,12,1,70.0
119,13,1,70.0
119,14,2,30.0
119,17,1,160.0
119,18,1,50.0
119,19,1,50.0
119,20,1,50.0
120,7,1,
120,8,1,50.0
120,9,2,50.0
120,11,2,57.5
120,12,1,55.0
120,13,1,40.0
120,15,1,140.0
120,16,1,60.0
120,17,1,35.0
120,18,1,65.0
120,19,1,70.0
120,20,1,40.0
120,22,2,60.0
121,0,1,
121,6,1,
121,7,1,40.0
121,8,2,40.0
121,9,1,35.0
121,10,3,28.3
121,11,2,27.5
121,13,1,130.0
121,17,1,
122,8,1,
122,9,1,40.0
122,10,2,40.0
122,11,1,35.0
122,12,2,32.5
122,13,2,40.0
122,14,1,25.0
123,8,1,
123,17,2,25.0
124,6,1,
124,11,1,
124,15,1,
124,19,1,
124,20,1,60.0
124,23,1,170.0
125,0,1,
125,1,1,60.0
125,6,3,17.5
125,7,3,18.3
125,8,3,23.3
125,9,4,17.5
125,10,2,25.0
125,11,3,18.3
125,12,2,30.0
125,13,2,32.5
125,14,3,18.3
125,15,2,27.5
125,16,1,75.0
125,17,3,20.0
125,18,2,20.0
125,19,2,35.0
125,20,3,21.7
125,21,2,17.5
125,22,4,22.5
125,23,3,20.0
126,5,3,17.5
126,6,3,18.3
126,7,4,18.8
126,8,3,18.3
126,9,3,23.3
126,10,3,18.3
126,11,2,20.0
126,12,3,28.3
126,13,3,18.3
126,14,4,16.2
126,15,4,11.2
126,18,2,95.0
126,19,3,20.0
126,20,2,30.0
126,21,3,16.7
126,22,3,20.0
126,23,1,35.0
127,8,1,
127,9,1,60.0
127,10,1,75.0
127,16,1,
128,5,1,
128,6,1,60.0
128,12,1,
128,14,1,105.0
129,6,3,17.5
129,7,3,21.7
129,8,3,20.0
129,9,3,18.3
129,10,5,13.0
129,11,3,18.3
129,12,3,18.3
129,13,3,20.0
129,14,3,23.3
129,15,5,13.0
129,16,2,27.5
129,17,4,16.2
129,18,2,27.5
129,19,4,16.2
129,20,2,27.5
129,21,2,30.0
129,22,3,21.7
129,23,1,30.0
130,1,1,
130,5,3,15.0
130,6,3,23.3
130,7,3,18.3
130,8,3,18.3
130,9,5,13.0
130,10,3,18.3
130,11,5,13.0
130,12,3,18.3
130,13,3,18.3
130,14,2,32.5
130,15,1,15.0
130,16,4,28.8
130,17,2,27.5
130,18,4,16.2
130,19,2,27.5
130,20,4,16.2
130,21,3,18.3
130,22,1,45.0
130,23,1,80.0
131,0,1,
131,6,1,
131,7,2,47.5
131,8,1,45.0
131,9,2,37.5
131,10,2,37.5
131,11,1,20.0
131,12,1,50.0
131,13,3,33.3
131,14,1,30.0
131,15,1,70.0
131,17,3,46.7
131,19,2,52.5
131,20,2,40.0
131,21,1,20.0
131,22,1,55.0
131,23,2,47.5
132,5,1,
132,6,2,50.0
132,7,1,35.0
132,8,2,42.5
132,9,1,55.0
132,10,1,40.0
132,11,2,50.0
132,12,2,25.0
132,13,2,30.0
132,14,3,13.3
132,16,1,130.0
132,18,3,46.7
132,20,1,75.0
132,21,2,32.5
132,22,3,28.3
132,23,2,25.0
133,0,2,20.0
133,6,4,16.7
133,7,6,10.0
133,8,6,10.0
133,9,6,10.0
133,10,6,10.0
133,11,5,12.0
133,12,5,12.0
133,13,6,10.0
133,14,5,10.0
133,15,3,20.0
133,16,6,11.7
133,17,6,10.0
133,18,5,12.0
133,19,6,10.0
133,20,5,10.0
133,21,4,17.5
133,22,6,10.0
133,23,6,10.0
134,1,1,
134,4,1,170.0
134,5,5,14.0
134,6,6,10.0
134,7,6,10.0
134,8,6,10.0
134,9,6,10.0
134,10,4,15.0
134,11,6,10.0
134,12,6,10.0
134,13,6,10.0
134,14,5,12.0
134,15,4,10.0
134,16,1,80.0
134,17,4,15.0
134,18,7,8.6
134,19,4,12.5
134,20,5,14.0
134,21,6,10.0
134,22,5,12.0
134,23,1,20.0
135,6,2,40.0
135,7,1,35.0
135,9,2,70.0
135,10,1,20.0
135,12,1,155.0
135,13,2,25.0
135,15,1,125.0
135,16,2,30.0
135,18,1,130.0
135,19,2,25.0
135,22,3,65.0
136,5,2,40.0
136,6,1,20.0
136,7,1,95.0
136,8,2,35.0
136,11,2,90.0
136,12,1,25.0
136,14,3,50.0
136,17,2,90.0
136,18,1,20.0
136,20,2,85.0
136,21,1,40.0
137,6,3,20.0
137,7,2,20.0
137,8,4,20.0
137,9,3,20.0
137,10,4,15.0
137,11,3,20.0
137,12,3,18.3
137,13,2,27.5
137,14,3,20.0
137,15,3,18.3
137,16,3,21.7
137,17,3,20.0
137,18,4,16.2
137,19,3,18.3
137,20,2,20.0
137,21,3,23.3
137,22,3,23.3
137,23,2,25.0
138,0,1,
138,5,3,17.5
138,6,2,25.0
138,7,4,16.2
138,8,3,20.0
138,9,4,16.2
138,10,3,18.3
138,11,3,18.3
138,12,3,25.0
138,13,3,20.0
138,14,4,12.5
138,15,5,12.0
138,16,4,15.0
138,17,3,21.7
138,18,3,21.7
138,19,2,25.0
138,20,2,22.5
138,21,4,21.2
138,22,1,35.0
138,23,2,42.5
139,7,1,
139,9,1,150.0
139,12,1,165.0
139,15,1,
139,18,1,150.0
139,21,1,180.0
11,6,1,
11,8,1,140.0
11,10,1,140.0
11,13,1,140.0
11,15,1,140.0
11,17,1,140.0
11,20,1,140.0
140,6,1,
140,8,1,145.0
140,11,1,165.0
140,13,1,145.0
140,16,1,
140,19,1,150.0
141,6,2,25.0
141,7,3,25.0
141,8,2,25.0
141,9,2,27.5
141,10,3,25.0
141,11,2,22.5
141,12,3,21.7
141,13,3,23.3
141,14,2,25.0
141,15,2,25.0
141,16,3,25.0
141,17,2,22.5
141,18,2,27.5
141,19,2,35.0
141,20,2,30.0
141,21,4,18.8
141,22,1,50.0
142,5,3,25.0
142,6,2,25.0
142,7,2,25.0
142,8,2,35.0
142,9,3,25.0
142,10,2,25.0
142,11,3,16.7
142,12,3,25.0
142,13,2,25.0
142,14,3,15.0
142,15,5,17.0
142,16,3,16.7
142,17,1,25.0
142,18,2,47.5
142,19,3,21.7
142,20,2,27.5
142,21,1,40.0
142,22,2,35.0
142,23,1,85.0
143,7,1,
144,6,1,
144,9,1,135.0
145,7,1,
145,10,1,
145,13,1,160.0
145,17,1,
146,8,1,
146,12,1,
146,16,1,
146,19,1,160.0
12,5,1,
12,7,1,135.0
12,9,1,140.0
12,11,1,140.0
12,14,1,140.0
12,16,1,140.0
12,18,1,140.0
12,21,1,140.0
147,6,2,30.0
147,7,2,30.0
147,8,2,30.0
147,9,2,30.0
147,10,2,30.0
147,11,2,30.0
147,12,1,60.0
147,13,2,30.0
147,14,1,30.0
147,15,1,75.0
147,16,1,30.0
147,17,2,45.0
147,18,1,30.0
147,19,2,45.0
147,20,1,30.0
147,21,1,60.0
147,22,2,45.0
147,23,1,60.0
148,5,2,30.0
148,6,3,20.0
148,7,2,30.0
148,8,2,30.0
148,9,2,30.0
148,10,2,30.0
148,11,1,60.0
148,12,2,30.0
148,13,1,30.0
148,14,2,47.5
148,16,1,100.0
148,17,1,30.0
148,18,2,45.0
148,19,1,30.0
148,20,1,60.0
148,21,2,45.0
148,22,1,60.0
149,6,1,
149,9,1,180.0
149,10,1,75.0
149,12,1,130.0
149,15,1,
149,18,1,180.0
149,22,1,
150,5,1,
150,7,1,165.0
150,9,1,85.0
150,11,1,130.0
150,12,1,70.0
150,14,1,90.0
150,17,1,
150,20,1,
151,6,3,20.0
151,7,3,20.0
151,8,2,20.0
151,9,3,26.7
151,10,3,20.0
151,11,3,21.7
151,12,2,32.5
151,13,3,20.0
151,14,3,20.0
151,15,3,20.0
151,16,3,20.0
151,17,2,20.0
151,18,3,23.3
151,19,3,23.3
151,20,2,20.0
151,21,1,50.0
152,0,1,
152,6,1,
152,7,2,50.0
152,8,3,20.0
152,9,3,20.0
152,10,1,20.0
152,11,3,30.0
152,12,3,20.0
152,13,4,17.5
152,14,3,20.0
152,15,3,20.0
152,16,1,40.0
152,17,3,23.3
152,18,3,20.0
152,19,2,32.5
152,20,1,40.0
153,5,1,
153,7,1,130.0
153,8,2,25.0
153,9,1,50.0
153,10,1,60.0
153,11,2,42.5
153,12,1,60.0
153,16,1,
153,19,1,
154,6,1,
154,9,3,63.3
154,10,1,50.0
154,11,1,55.0
154,13,1,85.0
154,14,1,60.0
154,15,1,75.0
154,18,1,160.0
154,21,1,
155,5,1,
155,7,2,62.5
155,8,1,60.0
155,9,1,50.0
155,10,1,50.0
155,11,1,70.0
155,13,2,65.0
155,14,1,55.0
155,15,1,65.0
155,16,1,40.0
155,17,1,60.0
155,18,1,70.0
155,19,1,45.0
155,21,2,67.5
155,22,1,60.0
156,4,1,
156,5,1,75.0
156,6,1,50.0
156,7,1,55.0
156,8,1,50.0
156,9,1,50.0
156,10,1,65.0
156,11,2,50.0
156,13,2,57.5
156,14,1,50.0
156,16,1,85.0
156,17,1,70.0
156,18,1,45.0
156,19,1,95.0
156,20,1,40.0
156,21,1,70.0
157,6,1,
157,8,1,110.0
157,10,1,140.0
157,12,1,110.0
157,14,1,110.0
157,15,1,110.0
157,18,1,140.0
157,20,1,110.0
158,5,1,
158,7,1,110.0
158,8,1,110.0
158,11,1,140.0
158,13,1,105.0
158,14,1,115.0
158,17,1,140.0
158,19,1,110.0
159,6,1,
159,8,1,100.0
159,10,1,150.0
159,12,1,120.0
159,14,1,120.0
159,15,1,55.0
159,16,1,55.0
159,17,1,60.0
159,19,1,90.0
159,20,1,60.0
159,21,1,60.0
159,22,1,60.0
160,6,1,
160,7,1,95.0
160,9,1,110.0
160,11,1,150.0
160,13,1,120.0
160,14,1,60.0
160,15,1,50.0
160,16,1,60.0
160,17,1,60.0
160,18,1,60.0
160,20,1,85.0
160,21,1,60.0
161,6,1,
161,7,3,20.0
161,8,5,14.0
161,9,6,10.0
161,10,5,10.0
161,11,4,17.5
161,12,5,12.0
161,13,4,10.0
161,14,5,16.0
161,15,3,20.0
161,16,3,20.0
161,17,4,12.5
161,18,3,20.0
161,19,3,20.0
161,20,3,20.0
161,21,3,20.0
161,22,3,18.3
161,23,1,20.0
162,4,1,
162,5,1,70.0
162,6,3,26.7
162,7,3,16.7
162,8,6,11.7
162,9,5,11.0
162,10,3,18.3
162,11,6,11.7
162,12,4,13.8
162,13,4,11.2
162,14,4,20.0
162,15,4,12.5
162,16,3,23.3
162,17,3,20.0
162,18,3,20.0
162,19,3,20.0
162,20,3,20.0
162,21,3,16.7
163,1,1,
163,6,2,15.0
163,7,4,18.8
163,8,4,12.5
163,9,5,13.0
163,10,4,15.0
163,11,3,20.0
163,12,3,16.7
163,13,4,16.2
163,14,4,15.0
163,15,3,18.3
163,16,3,23.3
163,17,3,16.7
163,18,3,21.7
163,19,2,22.5
163,20,2,32.5
163,21,4,20.0
163,22,3,18.3
163,23,1,20.0
164,5,1,
164,6,3,16.7
164,7,5,14.0
164,8,4,15.0
164,9,5,13.0
164,10,4,12.5
164,11,4,16.2
164,12,3,20.0
164,13,4,15.0
164,14,3,15.0
164,15,3,21.7
164,16,3,21.7
164,17,3,21.7
164,18,3,20.0
164,19,3,20.0
164,20,2,25.0
164,21,3,23.3
164,22,2,20.0
165,6,3,22.5
165,7,3,23.3
165,8,3,18.3
165,9,2,27.5
165,10,2,22.5
165,11,4,18.8
165,12,1,25.0
165,13,4,26.2
165,14,1,25.0
165,15,2,45.0
165,16,2,27.5
165,17,2,27.5
165,18,1,25.0
165,19,2,45.0
165,20,2,37.5
165,21,2,30.0
165,22,1,30.0
166,5,1,
166,6,3,23.3
166,7,3,15.0
166,8,4,20.0
166,9,3,15.0
166,10,3,25.0
166,11,1,25.0
166,12,3,28.3
166,13,2,22.5
166,14,2,35.0
166,15,2,35.0
166,16,2,27.5
166,17,2,27.5
166,18,3,20.0
166,19,1,30.0
166,20,2,52.5
166,21,1,30.0
167,7,1,
167,12,1,
167,17,1,
168,9,1,
168,14,1,
168,19,1,
169,6,2,25.0
169,8,2,45.0
169,9,2,45.0
169,11,2,45.0
169,13,2,62.5
169,14,1,75.0
169,15,1,20.0
169,16,2,45.0
169,17,1,70.0
169,18,1,20.0
169,19,2,45.0
169,21,2,65.0
170,5,1,
170,6,1,25.0
170,7,2,40.0
170,8,1,75.0
170,9,1,25.0
170,10,2,45.0
170,12,2,65.0
170,13,1,55.0
170,14,1,25.0
170,15,2,47.5
170,17,2,47.5
170,18,2,45.0
170,20,1,100.0
170,21,1,35.0
171,5,2,25.0
171,6,3,18.3
171,7,3,20.0
171,8,5,13.0
171,9,3,20.0
171,10,3,18.3
171,11,2,32.5
171,12,3,21.7
171,13,3,20.0
171,14,3,20.0
171,15,1,30.0
171,16,4,21.2
171,17,3,20.0
171,18,3,23.3
171,19,2,25.0
171,20,1,30.0
172,6,1,
172,7,3,20.0
172,8,3,20.0
172,9,3,21.7
172,10,3,18.3
172,11,3,20.0
172,12,3,20.0
172,13,2,30.0
172,14,2,30.0
172,15,3,20.0
172,16,3,20.0
172,17,3,21.7
172,18,3,20.0
172,19,3,21.7
172,20,3,18.3
172,21,2,27.5
172,22,1,20.0
173,6,1,
173,7,1,100.0
173,9,1,100.0
173,11,1,100.0
173,13,1,130.0
173,15,1,110.0
173,16,1,100.0
173,18,1,100.0
173,20,1,100.0
174,6,1,
174,8,1,100.0
174,10,1,100.0
174,11,1,100.0
174,14,1,130.0
174,15,1,110.0
174,17,1,100.0
174,19,1,100.0
174,20,1,100.0
175,5,2,20.0
175,6,3,20.0
175,7,3,20.0
175,8,3,20.0
175,9,1,20.0
175,10,1,100.0
175,11,3,20.0
175,12,3,20.0
175,13,4,19.5
175,14,2,28.5
175,15,2,25.0
175,16,2,20.0
175,18,2,70.0
175,19,2,20.0
175,20,3,28.3
175,21,2,27.5
175,22,1,40.0
176,6,3,20.0
176,7,3,20.0
176,8,1,20.0
176,9,1,100.0
176,10,3,20.0
176,11,2,30.0
176,12,3,23.3
176,13,3,21.7
176,14,2,25.0
176,15,2,20.0
176,17,2,70.0
176,18,2,20.0
176,19,3,26.7
176,20,2,27.5
176,21,3,25.0
176,22,2,25.0
176,23,1,15.0
177,5,1,
177,6,1,45.0
177,7,2,27.5
177,8,2,32.5
177,9,2,30.0
177,10,1,55.0
177,11,1,50.0
177,12,3,30.0
177,13,2,27.5
177,14,2,32.5
177,15,1,55.0
177,16,2,35.0
177,17,2,25.0
177,18,2,30.0
177,19,1,70.0
177,20,1,40.0
177,21,2,35.0
177,22,3,21.7
178,5,2,30.0
178,6,2,30.0
178,7,3,28.3
178,8,2,25.0
178,9,2,35.0
178,10,2,27.5
178,11,2,27.5
178,12,1,65.0
178,13,2,32.5
178,14,1,50.0
178,15,2,25.0
178,17,2,67.5
178,18,2,32.5
178,19,2,25.0
178,20,1,25.0
178,21,1,50.0
178,22,1,85.0
178,23,1,55.0
179,5,2,25.0
179,6,3,25.0
179,7,5,13.0
179,8,6,10.0
179,9,2,30.0
179,10,2,25.0
179,11,3,23.3
179,12,2,25.0
179,13,3,16.7
179,14,4,20.0
179,15,4,11.2
179,16,4,15.0
179,17,3,25.0
179,19,2,52.5
179,20,3,16.7
179,21,3,21.7
179,22,1,50.0
180,5,4,15.0
180,6,3,15.0
180,7,3,21.7
180,8,3,25.0
180,9,4,16.2
180,10,4,15.0
180,11,4,15.0
180,12,3,15.0
180,13,3,23.3
180,14,3,16.7
180,15,3,25.0
180,16,3,16.7
180,17,2,25.0
180,18,4,20.0
180,19,3,15.0
180,20,3,25.0
180,21,2,22.5
181,6,1,
181,7,3,20.0
181,8,3,20.0
181,9,3,20.0
181,10,2,20.0
181,11,3,23.3
181,12,3,20.0
181,13,3,20.0
181,14,3,20.0
181,15,3,20.0
181,16,3,20.0
181,17,3,20.0
181,18,3,20.0
181,19,3,23.3
181,20,3,20.0
181,21,3,20.0
181,22,3,20.0
13,6,1,
13,8,1,100.0
13,9,1,100.0
13,11,1,100.0
13,13,1,130.0
13,15,1,105.0
13,16,1,95.0
13,18,1,105.0
13,20,1,125.0
13,22,1,105.0
182,0,1,
182,5,3,20.0
182,6,3,20.0
182,7,3,20.0
182,8,2,30.0
182,9,3,23.3
182,10,3,20.0
182,11,3,20.0
182,12,4,15.0
182,13,3,20.0
182,14,3,20.0
182,15,3,20.0
182,16,3,18.3
182,17,2,27.5
182,18,3,20.0
182,19,3,20.0
182,20,3,20.0
182,21,1,20.0
182,22,3,28.3
183,0,1,
183,5,2,25.0
183,6,3,23.3
183,14,2,25.0
183,15,1,60.0
183,22,1,
184,0,2,15.0
184,6,1,
184,7,5,13.0
184,8,6,10.0
184,9,5,12.0
184,10,4,15.0
184,11,3,18.3
184,12,4,15.0
184,13,4,15.0
184,14,4,15.0
184,15,4,15.0
184,16,3,16.7
184,17,1,70.0
184,18,4,15.0
184,19,4,15.0
184,20,4,15.0
184,21,6,11.7
184,22,3,16.7
184,23,4,15.0
185,4,1,
185,5,5,13.0
185,6,6,10.0
185,7,5,12.0
185,8,4,13.8
185,9,3,20.0
185,10,5,12.0
185,11,5,12.0
185,12,4,15.0
185,13,5,12.0
185,14,4,16.2
185,15,3,20.0
185,16,4,13.8
185,17,2,22.5
185,19,1,135.0
185,20,4,15.0
185,21,4,15.0
185,22,2,15.0
186,7,1,
186,8,1,65.0
186,9,1,70.0
186,10,1,70.0
186,11,1,35.0
186,12,1,70.0
186,13,1,65.0
186,14,1,70.0
186,15,1,35.0
186,16,1,70.0
186,17,1,70.0
186,18,1,70.0
186,19,1,30.0
186,20,1,70.0
186,21,1,70.0
186,22,1,70.0
187,5,1,
187,6,1,65.0
187,7,1,65.0
187,8,1,60.0
187,9,1,35.0
187,10,1,70.0
187,11,1,65.0
187,12,2,37.5
187,15,1,
187,16,1,20.0
187,17,1,60.0
187,18,1,70.0
187,19,1,70.0
187,20,1,70.0
187,22,1,100.0
14,5,1,
14,7,1,95.0
14,8,1,100.0
14,10,1,100.0
14,12,1,100.0
14,16,1,
14,17,1,100.0
14,19,1,100.0
14,21,1,140.0
14,22,2,30.0
188,6,2,20.0
188,7,2,30.0
188,8,5,13.0
188,9,3,18.3
188,10,4,16.2
188,11,4,13.8
188,12,2,32.5
188,13,2,30.0
188,14,3,18.3
188,15,3,8.3
188,16,3,30.0
188,17,1,55.0
188,18,2,32.5
188,19,4,17.5
188,20,1,15.0
188,21,3,33.3
188,22,2,27.5
189,5,1,
189,6,4,22.5
189,7,2,22.5
189,8,4,16.2
189,9,4,17.5
189,10,3,15.0
189,11,5,15.0
189,12,3,15.0
189,13,2,37.5
189,14,3,15.0
189,15,3,25.0
189,16,2,15.0
189,17,3,30.0
189,18,2,25.0
189,19,2,32.5
189,20,2,25.0
189,21,1,20.0
189,22,1,90.0
189,23,1,35.0
190,6,1,
190,7,1,60.0
190,8,1,75.0
190,10,1,105.0
190,11,1,70.0
190,12,1,70.0
190,13,1,75.0
190,15,1,80.0
190,16,1,60.0
190,17,1,110.0
190,19,1,75.0
190,20,1,70.0
191,5,1,
191,6,1,70.0
191,8,1,100.0
191,9,1,70.0
191,10,1,75.0
191,12,1,75.0
191,13,1,70.0
191,14,1,70.0
191,16,1,105.0
191,17,1,80.0
191,18,1,65.0
15,4,1,
15,5,2,30.0
15,6,2,20.0
15,7,6,13.3
15,8,6,10.0
15,9,6,10.0
15,10,4,12.5
15,11,4,17.5
15,12,6,10.0
15,13,5,12.0
15,14,1,20.0
15,16,2,65.0
15,17,3,30.0
15,18,2,15.0
15,19,2,42.5
15,20,3,20.0
15,21,3,20.0
192,7,1,
192,8,1,60.0
192,9,1,60.0
192,10,1,60.0
192,11,1,55.0
192,12,1,60.0
192,13,1,60.0
192,14,1,60.0
192,15,1,60.0
192,17,1,75.0
192,18,1,75.0
192,19,1,60.0
192,20,1,60.0
192,21,1,60.0
193,5,1,
193,6,2,32.5
193,7,1,55.0
193,8,1,50.0
193,9,1,60.0
193,10,1,55.0
193,11,1,60.0
193,12,1,65.0
193,13,1,55.0
193,14,1,45.0
193,15,2,45.0
193,17,1,115.0
193,19,1,80.0
193,20,1,55.0
193,21,1,75.0
193,22,1,60.0
193,23,1,60.0
194,7,1,
194,10,1,
194,15,1,
194,18,1,
195,5,1,
195,9,1,
195,12,1,
195,17,1,
196,6,3,20.0
196,7,3,18.3
196,8,3,20.0
196,9,3,20.0
196,10,3,20.0
196,11,4,15.0
196,12,3,18.3
196,13,3,21.7
196,14,4,17.5
196,15,2,20.0
196,16,3,26.7
196,17,2,22.5
196,18,3,21.7
196,19,2,27.5
196,20,4,16.2
196,21,3,23.3
196,22,3,15.0
197,5,3,17.5
197,6,3,20.0
197,7,4,15.0
197,8,3,18.3
197,9,3,18.3
197,10,3,20.0
197,11,3,20.0
197,12,3,20.0
197,13,4,18.8
197,14,2,25.0
197,15,3,23.3
197,16,2,22.5
197,17,2,30.0
197,18,3,20.0
197,19,3,20.0
197,20,2,30.0
197,21,2,22.5
197,23,1,105.0
16,5,1,
16,6,2,30.0
16,7,3,23.3
16,8,5,12.0
16,9,6,10.0
16,10,6,10.0
16,11,4,12.5
16,12,4,17.5
16,13,3,20.0
16,14,2,20.0
16,15,2,25.0
16,16,3,30.0
16,17,2,15.0
16,18,4,22.5
16,19,2,15.0
16,20,3,28.3
16,21,2,25.0
16,22,3,21.7
198,6,1,
198,8,2,62.5
198,9,3,25.0
198,10,2,25.0
198,11,3,23.3
198,12,3,21.7
198,13,2,27.5
198,14,2,27.5
198,15,3,23.3
198,16,1,40.0
199,6,2,20.0
199,7,2,27.5
199,8,3,23.3
199,9,2,25.0
199,10,3,21.7
199,11,2,27.5
199,12,3,16.7
199,13,3,26.7
199,14,1,20.0
199,17,1,165.0
199,18,1,105.0
199,19,1,55.0
202,6,1,
202,11,1,
202,17,1,
203,9,1,
203,13,1,
203,20,1,
17,4,2,20.0
17,5,3,20.0
17,6,2,30.0
17,7,3,20.0
17,8,2,27.5
17,9,3,20.0
17,10,2,30.0
17,11,2,32.5
17,12,5,11.0
17,13,3,13.3
17,14,3,26.7
17,15,1,60.0
17,16,1,15.0
17,17,4,26.2
17,18,3,20.0
17,19,2,30.0
17,20,2,22.5
17,21,4,18.8
17,22,1,40.0
17,23,1,40.0
204,6,1,
204,7,1,95.0
204,8,1,60.0
204,9,1,60.0
204,11,1,105.0
204,12,1,75.0
204,13,1,60.0
204,15,1,75.0
204,16,1,65.0
204,17,1,90.0
204,18,1,65.0
204,20,1,75.0
204,21,1,60.0
205,5,1,
205,6,1,60.0
205,7,1,55.0
205,9,1,120.0
205,10,1,65.0
205,11,1,55.0
205,12,2,40.0
205,13,1,45.0
205,16,1,150.0
205,17,1,55.0
205,18,1,105.0
205,20,1,105.0
206,6,1,
206,7,1,50.0
206,8,2,25.0
206,9,2,30.0
206,10,2,30.0
206,11,2,30.0
206,12,3,26.7
206,13,1,65.0
206,15,1,110.0
206,16,1,60.0
206,17,1,60.0
206,18,1,60.0
206,19,1,60.0
206,21,1,90.0
206,22,1,60.0
207,6,1,
207,7,2,37.5
207,8,2,25.0
207,9,2,30.0
207,10,2,30.0
207,11,3,28.3
207,12,1,30.0
207,13,1,60.0
207,15,1,110.0
207,16,1,60.0
207,17,1,60.0
207,18,1,60.0
207,19,1,60.0
207,20,1,90.0
207,21,1,60.0
208,5,1,
208,6,1,50.0
208,7,2,47.5
208,8,1,35.0
208,9,1,60.0
208,10,1,55.0
208,11,1,50.0
208,12,1,80.0
208,13,1,50.0
208,14,2,25.0
208,15,1,45.0
208,16,1,75.0
208,17,2,47.5
208,18,1,45.0
208,19,1,60.0
208,20,1,75.0
208,21,1,60.0
208,22,2,25.0
209,6,1,
209,7,2,45.0
209,8,1,60.0
209,9,1,30.0
209,10,1,65.0
209,11,1,55.0
209,12,1,50.0
209,13,1,80.0
209,14,1,50.0
209,15,1,75.0
209,16,1,50.0
209,17,2,45.0
209,18,1,55.0
209,19,1,40.0
209,20,1,60.0
209,21,1,80.0
209,22,1,55.0
209,23,1,50.0
18,4,1,
18,6,3,40.0
18,7,3,13.3
18,8,3,25.0
18,9,3,21.7
18,10,3,18.3
18,11,3,20.0
18,12,1,55.0
18,13,3,25.0
18,14,4,15.0
18,15,3,18.3
18,16,3,20.0
18,17,2,30.0
18,18,3,16.7
18,19,5,13.0
18,20,3,20.0
18,21,1,20.0
18,22,3,35.0
18,23,3,15.0
210,6,1,
210,7,2,37.5
210,8,3,15.0
210,9,3,25.0
210,10,2,22.5
210,11,2,30.0
210,12,2,22.5
210,13,3,30.0
210,14,3,20.0
210,15,1,30.0
210,16,2,40.0
210,17,2,22.5
210,18,2,37.5
210,19,2,22.5
210,20,2,37.5
210,21,1,30.0
210,22,2,47.5
211,5,1,
211,6,2,37.5
211,7,3,15.0
211,8,3,25.0
211,9,3,15.0
211,10,2,30.0
211,11,2,22.5
211,12,2,45.0
211,13,3,20.0
211,14,2,30.0
211,15,2,30.0
211,16,1,30.0
211,17,2,40.0
211,18,2,22.5
211,19,2,37.5
211,20,1,30.0
211,21,2,47.5
211,22,1,65.0
212,7,1,
213,6,1,
213,9,1,
214,6,3,12.5
214,7,3,28.3
214,8,2,17.5
214,9,3,28.3
214,10,3,16.7
214,11,2,35.0
214,12,3,20.0
214,13,2,20.0
214,14,3,25.0
214,15,1,50.0
214,16,1,65.0
214,17,2,35.0
214,18,1,20.0
214,19,1,90.0
214,20,3,25.0
214,22,2,50.0
214,23,1,30.0
215,5,2,20.0
215,6,2,37.5
215,7,2,15.0
215,8,3,28.3
215,9,3,13.3
215,10,4,21.2
215,11,3,20.0
215,12,1,40.0
215,13,5,16.0
215,14,1,5.0
215,15,2,50.0
215,16,1,60.0
215,17,1,70.0
215,18,1,35.0
215,19,2,30.0
215,20,1,90.0
215,21,1,30.0
215,22,1,40.0
216,6,1,
216,7,1,40.0
216,8,2,40.0
216,9,1,40.0
216,10,1,40.0
216,11,2,55.0
217,7,2,40.0
217,8,1,40.0
217,9,2,40.0
217,10,1,40.0
217,11,1,70.0
217,12,1,40.0
218,7,1,
218,18,1,
219,5,1,
219,10,1,
219,15,1,
220,6,1,
220,8,1,140.0
220,10,1,140.0
220,11,1,70.0
220,13,1,80.0
220,15,1,140.0
221,6,1,
221,8,1,140.0
221,9,1,60.0
221,11,1,80.0
221,12,1,100.0
221,16,2,10.0
221,18,1,125.0
222,6,1,
222,10,1,
223,5,1,
223,9,1,
223,14,1,
224,6,3,20.0
224,7,3,20.0
224,8,3,20.0
224,9,3,20.0
224,10,2,35.0
224,11,3,20.0
224,12,3,20.0
224,13,3,20.0
224,14,3,20.0
224,15,3,20.0
224,16,3,20.0
224,17,3,20.0
224,18,1,20.0
224,19,3,30.0
224,20,3,20.0
225,6,3,20.0
225,7,3,20.0
225,8,2,35.0
225,9,3,20.0
225,10,3,20.0
225,11,3,20.0
225,12,3,20.0
225,13,3,20.0
225,14,3,20.0
225,15,3,20.0
225,16,1,20.0
225,17,3,30.0
225,18,3,20.0
225,19,3,20.0
225,20,3,20.0
226,7,1,
226,17,1,
227,5,1,
227,13,1,
19,0,3,17.5
19,1,1,15.0
19,6,4,11.7
19,7,5,16.0
19,8,5,12.0
19,9,5,11.0
19,10,4,15.0
19,11,3,18.3
19,12,5,14.0
19,13,6,10.0
19,14,3,20.0
19,15,6,10.0
19,16,2,25.0
19,17,5,12.0
19,18,3,23.3
19,19,4,12.5
19,20,2,32.5
19,21,3,20.0
19,22,4,15.0
19,23,6,10.8
228,6,1,
228,12,1,
228,17,1,
229,9,1,
229,14,1,
229,19,1,
230,6,1,
230,8,1,90.0
230,9,1,60.0
230,11,1,130.0
230,12,1,100.0
230,13,1,60.0
230,16,1,140.0
230,17,1,85.0
230,21,1,
231,6,1,
231,7,1,50.0
231,9,1,120.0
231,10,1,110.0
231,11,1,20.0
231,13,1,130.0
231,15,1,115.0
231,19,1,
231,20,1,90.0
232,6,1,
232,10,1,
232,15,1,
233,8,1,
233,13,1,
233,18,1,
234,5,1,
234,7,1,105.0
234,10,2,92.5
234,11,1,80.0
234,14,2,87.5
234,17,1,165.0
234,19,1,90.0
234,21,1,160.0
235,6,1,
235,8,2,85.0
235,10,1,75.0
235,12,2,75.0
235,14,1,130.0
235,17,1,155.0
235,20,1,160.0
236,6,1,
236,7,2,47.5
236,8,2,25.0
236,9,1,40.0
236,10,1,50.0
236,11,3,31.7
236,12,2,32.5
236,13,1,50.0
236,14,3,23.3
236,15,1,55.0
236,16,1,50.0
236,17,2,25.0
236,18,2,45.0
236,19,1,55.0
236,20,3,20.0
236,21,1,50.0
236,22,2,32.5
236,23,1,25.0
237,0,1,
237,5,2,50.0
237,6,1,45.0
237,7,2,25.0
237,8,2,40.0
237,9,1,50.0
237,10,3,21.7
237,11,1,45.0
237,12,2,37.5
237,13,3,21.7
237,14,2,32.5
237,16,2,55.0
237,17,1,50.0
237,18,2,37.5
237,19,2,20.0
237,20,1,45.0
237,21,2,37.5
237,22,1,30.0
237,23,2,52.5
238,0,1,
238,6,2,15.0
238,7,3,20.0
238,8,2,17.5
238,9,4,21.2
238,10,3,18.3
238,11,2,17.5
238,12,2,37.5
238,13,3,21.7
238,14,4,17.5
238,15,1,50.0
238,16,2,35.0
238,17,2,25.0
238,18,2,35.0
238,19,1,50.0
238,20,2,35.0
238,21,2,20.0
238,22,2,40.0
238,23,1,40.0
239,1,1,
239,5,3,17.5
239,6,4,17.5
239,7,2,30.0
239,8,3,15.0
239,9,4,18.8
239,10,1,50.0
239,11,3,21.7
239,12,3,18.3
239,13,2,17.5
239,14,4,23.8
239,15,4,15.0
239,16,3,16.7
239,19,3,61.7
239,20,1,50.0
239,21,2,37.5
239,22,1,30.0
240,5,3,22.5
240,6,2,30.0
240,7,3,18.3
240,8,3,23.3
240,9,3,20.0
240,10,2,30.0
240,11,2,30.0
240,12,3,20.0
240,13,2,22.5
240,14,4,18.8
240,15,2,30.0
240,16,1,20.0
240,17,2,47.5
240,19,1,125.0
240,20,2,32.5
240,21,2,30.0
240,22,1,35.0
241,0,2,5.0
241,2,1,129.0
241,6,1,
241,7,2,30.0
241,8,2,30.0
241,9,2,30.0
241,10,3,23.3
241,11,2,15.0
241,12,2,30.0
241,13,2,32.5
241,14,2,30.0
241,15,2,35.0
241,16,2,32.5
241,17,2,32.5
241,18,2,30.0
241,19,1,30.0
241,20,3,30.0
241,22,2,52.5
241,23,2,30.0
242,5,2,20.0
242,6,4,15.0
242,7,5,10.0
242,8,6,11.7
242,9,5,12.0
242,10,3,10.0
242,11,4,20.0
242,12,2,30.0
242,13,3,23.3
242,14,6,10.8
242,15,4,8.8
242,16,4,20.0
242,17,4,15.0
242,18,5,10.0
242,19,5,12.0
242,20,5,14.0
242,21,3,15.0
242,22,2,20.0
243,0,2,40.0
243,1,2,30.0
243,5,2,20.0
243,6,3,20.0
243,7,5,10.0
243,8,7,10.0
243,9,6,10.0
243,10,5,10.0
243,11,6,11.7
243,12,5,12.0
243,13,4,12.5
243,14,4,15.0
243,15,3,13.3
243,16,6,15.0
243,17,4,15.0
243,18,6,10.0
243,19,7,8.6
243,20,4,13.8
243,21,2,15.0
243,22,3,33.3
244,0,1,
244,6,1,
244,7,2,25.0
244,8,2,30.0
244,9,2,30.0
244,10,3,26.7
244,11,2,30.0
244,12,1,30.0
244,13,3,28.3
244,14,2,27.5
244,15,2,25.0
244,16,1,70.0
244,17,1,25.0
244,18,1,55.0
244,19,1,100.0
244,20,1,25.0
244,21,1,55.0
244,23,2,75.0
245,5,2,25.0
245,6,2,30.0
245,7,3,25.0
245,8,3,20.0
245,9,2,30.0
245,10,1,30.0
245,11,2,40.0
245,12,3,20.0
245,13,2,30.0
245,14,1,55.0
245,15,1,35.0
245,16,1,50.0
245,18,2,75.0
245,19,1,60.0
245,21,2,60.0
245,22,1,55.0
20,0,2,20.0
20,5,4,11.7
20,6,5,13.0
20,7,4,15.0
20,8,7,8.6
20,9,5,11.0
20,10,5,13.0
20,11,4,13.8
20,12,4,15.0
20,13,3,20.0
20,14,7,8.6
20,15,2,27.5
20,16,4,16.2
20,17,3,21.7
20,18,4,12.5
20,19,3,21.7
20,20,4,15.0
20,21,2,27.5
20,22,4,17.5
20,23,3,18.3
246,0,1,
246,5,3,27.5
246,6,3,18.3
246,7,5,13.0
246,8,3,20.0
246,9,3,20.0
246,10,4,15.0
246,11,3,20.0
246,12,3,15.0
246,13,3,18.3
246,14,2,40.0
246,15,3,10.0
246,16,2,40.0
246,17,2,30.0
246,18,3,20.0
246,19,4,15.0
246,20,2,30.0
246,21,1,20.0
247,5,1,
247,6,1,40.0
247,7,4,20.0
247,8,4,15.0
247,9,3,20.0
247,10,3,20.0
247,11,2,25.0
247,12,3,20.0
247,13,3,20.0
247,14,3,23.3
247,15,2,30.0
247,16,2,25.0
247,17,3,20.0
247,18,3,13.3
247,19,3,26.7
247,20,2,20.0
247,21,1,70.0
247,22,3,26.7
250,6,1,
250,7,2,40.0
250,8,1,40.0
250,9,2,40.0
250,11,2,55.0
250,12,1,40.0
250,13,2,40.0
250,14,1,40.0
250,16,2,70.0
250,17,1,40.0
250,18,1,40.0
250,19,2,55.0
251,7,2,40.0
251,8,1,40.0
251,9,2,40.0
251,10,1,40.0
251,11,1,70.0
251,12,1,40.0
251,13,2,40.0
251,15,1,100.0
251,16,2,40.0
251,17,1,40.0
251,18,2,40.0
251,19,1,70.0
251,20,1,40.0
252,8,1,
252,10,1,120.0
253,9,1,
253,11,1,125.0
21,7,1,
21,8,1,70.0
21,9,1,75.0
21,11,1,70.0
21,12,1,70.0
21,16,1,
21,18,1,85.0
254,6,1,
254,8,1,95.0
254,10,1,145.0
254,12,1,95.0
254,15,1,
254,19,1,
255,4,1,
255,8,1,
255,10,1,95.0
255,13,1,175.0
255,14,1,90.0
255,17,1,
256,6,1,
256,15,1,
257,9,1,
257,11,1,120.0
258,5,1,
258,7,1,120.0
258,9,1,130.0
258,12,1,165.0
258,13,1,60.0
258,18,1,
258,20,1,145.0
259,6,1,
259,8,1,125.0
259,11,1,135.0
259,16,1,
259,19,1,165.0
259,21,1,145.0
259,22,1,65.0
22,8,1,
22,9,1,70.0
22,10,1,75.0
22,11,1,70.0
22,13,1,87.0
22,16,1,178.0
22,17,1,75.0
22,18,1,85.0
260,6,2,30.0
260,7,3,16.7
260,8,4,17.5
260,9,4,15.0
260,10,2,17.5
260,11,1,80.0
260,14,1,180.0
260,15,2,22.5
260,16,4,21.2
260,17,3,18.3
260,18,2,20.0
261,1,1,
261,5,2,15.0
261,6,3,18.3
261,7,4,17.5
261,8,4,16.2
261,12,1,
261,13,5,16.0
261,14,3,18.3
261,15,4,15.0
261,16,1,20.0
261,21,1,
262,6,1,
262,7,1,60.0
262,8,1,60.0
262,10,1,120.0
262,11,1,60.0
262,12,1,60.0
262,13,3,31.7
262,14,1,55.0
262,15,1,60.0
262,18,1,150.0
262,19,1,60.0
262,20,1,60.0
262,21,1,100.0
262,22,1,45.0
263,7,1,
263,8,1,60.0
263,9,1,60.0
263,10,1,60.0
263,11,1,60.0
263,12,1,60.0
263,13,1,60.0
263,14,1,60.0
263,15,1,60.0
263,16,1,60.0
263,17,1,60.0
263,19,1,120.0
263,20,1,60.0
263,21,1,60.0
264,6,1,
264,16,1,
265,9,1,
265,11,1,135.0
265,19,1,
266,6,2,30.0
266,7,3,20.0
266,8,1,20.0
266,10,2,75.0
266,11,2,30.0
266,12,2,17.5
266,13,1,80.0
266,14,3,23.3
266,15,2,25.0
266,16,1,40.0
266,17,1,40.0
266,18,2,55.0
266,19,1,60.0
266,20,2,25.0
267,6,2,30.0
267,8,2,60.0
267,9,2,30.0
267,10,2,30.0
267,12,2,60.0
267,13,4,20.0
267,16,2,80.0
267,17,1,60.0
267,18,2,30.0
267,20,2,60.0
267,21,1,60.0
268,7,1,
268,8,1,60.0
268,9,2,30.0
268,10,2,30.0
268,11,2,32.5
268,12,1,60.0
268,13,2,30.0
268,14,2,30.0
268,15,2,30.0
268,16,1,60.0
268,17,2,30.0
268,18,2,30.0
268,19,2,30.0
268,20,1,60.0
268,21,2,30.0
268,22,2,30.0
268,23,1,30.0
269,1,1,
269,5,1,
269,6,1,60.0
269,7,2,30.0
269,8,2,30.0
269,9,2,30.0
269,10,1,60.0
269,11,2,30.0
269,12,2,30.0
269,13,1,30.0
269,14,1,60.0
269,15,2,45.0
269,16,1,30.0
269,17,2,45.0
269,18,1,60.0
269,19,2,30.0
269,20,2,30.0
269,21,1,30.0
270,8,1,
270,10,1,125.0
271,7,1,
271,9,1,110.0
272,6,2,25.0
272,7,1,25.0
272,8,5,19.0
272,9,3,20.0
272,10,4,12.5
272,11,3,20.0
272,12,3,23.3
272,13,2,15.0
272,14,3,30.0
272,15,2,25.0
272,16,2,32.5
272,17,4,13.8
272,18,2,27.5
272,19,5,15.0
272,20,1,40.0
272,21,4,20.0
272,22,1,20.0
273,5,1,
273,6,2,25.0
273,7,4,21.2
273,8,3,11.7
273,9,5,17.0
273,10,3,20.0
273,11,2,22.5
273,12,3,20.0
273,13,4,18.8
273,14,2,12.5
273,15,3,31.7
273,16,2,25.0
273,17,2,32.5
273,18,5,14.0
273,19,1,45.0
273,20,3,21.7
273,21,2,17.5
273,22,1,65.0
274,4,1,
274,5,3,18.3
274,6,5,12.0
274,7,5,14.0
274,8,5,12.0
274,9,6,10.0
274,10,6,10.0
274,11,6,10.0
274,12,7,8.6
274,13,6,7.5
274,14,2,32.5
274,15,3,18.3
274,16,4,18.8
274,17,5,12.0
274,18,3,20.0
274,19,4,15.0
274,20,5,10.0
274,21,4,17.5
274,22,3,13.3
275,6,3,20.0
275,7,5,12.0
275,8,5,14.0
275,9,5,12.0
275,10,6,10.0
275,11,6,10.0
275,12,6,10.0
275,13,6,10.0
275,14,6,10.0
275,15,3,16.7
275,16,5,12.0
275,17,5,14.0
275,18,6,10.0
275,19,4,15.0
275,20,3,20.0
275,21,6,10.0
275,22,4,15.0
275,23,3,20.0
276,6,1,
276,8,1,140.0
276,10,1,140.0
276,13,1,140.0
276,15,1,140.0
276,17,2,70.0
276,20,1,140.0
277,5,1,
277,7,1,135.0
277,9,1,140.0
277,11,1,140.0
277,14,2,80.0
277,16,1,120.0
277,17,1,55.0
277,18,1,85.0
277,21,1,140.0
277,22,1,70.0
278,8,1,
278,13,1,
278,18,1,
279,6,1,
279,11,1,
279,15,1,
280,7,1,
280,11,1,
280,16,1,
281,9,1,
281,13,1,
281,18,1,
282,5,1,
282,6,1,55.0
282,7,1,30.0
282,10,1,
282,11,1,70.0
282,12,1,50.0
282,14,1,130.0
282,15,1,30.0
282,17,1,110.0
282,19,1,170.0
283,8,2,30.0
283,10,1,70.0
283,12,2,85.0
283,13,1,55.0
283,17,1,
283,18,1,45.0
283,19,1,75.0
283,20,1,70.0
284,7,1,
284,9,1,125.0
284,11,1,125.0
284,13,1,145.0
284,16,1,180.0
284,18,1,120.0
284,21,1,160.0
285,8,1,
285,10,1,125.0
285,12,1,150.0
285,13,1,60.0
285,14,1,60.0
285,17,1,180.0
285,20,1,155.0
286,3,1,
286,5,1,110.0
286,6,4,15.0
286,7,5,13.0
286,8,3,15.0
286,9,3,21.7
286,10,4,17.5
286,11,4,15.0
286,12,5,12.0
286,13,3,20.0
286,14,5,12.0
286,15,4,15.0
286,16,2,30.0
286,17,2,22.5
286,18,2,32.5
286,19,5,15.0
286,20,3,15.0
286,21,4,18.8
286,22,1,30.0
286,23,1,35.0
287,1,1,
287,5,1,
287,6,4,15.0
287,7,5,13.0
287,8,4,15.0
287,9,3,16.7
287,10,4,17.5
287,11,3,20.0
287,12,5,12.0
287,13,4,15.0
287,14,4,15.0
287,15,2,27.5
287,16,2,32.5
287,17,4,15.0
287,18,3,16.7
287,19,3,25.0
287,20,1,30.0
287,21,6,15.0
287,22,3,15.0
287,23,2,22.5
288,6,6,11.0
288,7,3,16.7
288,8,5,14.0
288,9,5,12.0
288,10,4,12.5
288,11,4,17.5
288,12,4,15.0
288,13,4,15.0
288,14,4,11.2
288,15,5,13.0
288,16,4,15.0
288,17,5,14.0
288,18,4,12.5
288,19,2,30.0
288,20,3,16.7
288,21,3,15.0
288,22,1,55.0
288,23,1,75.0
289,1,2,14.0
289,5,1,
289,6,4,15.0
289,7,5,12.0
289,8,5,12.0
289,9,3,20.0
289,10,4,15.0
289,11,4,15.0
289,12,4,11.2
289,13,5,15.0
289,14,3,11.7
289,15,2,40.0
289,16,5,13.0
289,17,3,18.3
289,18,4,15.0
289,19,2,25.0
289,20,5,15.0
289,21,1,20.0
289,22,3,33.3
290,6,3,15.0
290,7,4,16.2
290,8,4,13.8
290,9,4,15.0
290,10,4,15.0
290,11,4,15.0
290,12,4,16.2
290,13,4,13.8
290,14,4,13.8
290,15,5,15.0
290,16,3,16.7
290,17,4,13.8
290,18,4,17.5
290,19,4,13.8
290,20,4,16.2
290,21,4,13.8
290,22,2,22.5
290,23,3,21.7
291,5,2,15.0
291,6,5,13.0
291,7,5,13.0
291,8,3,15.0
291,9,4,18.8
291,10,4,15.0
291,11,4,15.0
291,12,5,12.0
291,13,3,18.3
291,14,4,15.0
291,15,4,15.0
291,16,4,15.0
291,17,4,15.0
291,18,4,16.2
291,19,4,15.0
291,20,4,15.0
291,21,4,15.0
291,22,3,11.7
292,6,1,
292,7,4,15.0
292,8,3,16.7
292,9,4,15.0
292,10,4,16.2
292,11,4,15.0
292,12,2,32.5
292,13,4,12.5
292,14,3,23.3
292,15,2,22.5
292,16,1,25.0
292,17,2,42.5
292,18,2,27.5
292,19,3,28.3
292,20,1,30.0
292,21,3,26.7
292,22,1,30.0
293,6,4,15.0
293,7,4,16.2
293,8,4,15.0
293,9,4,16.2
293,10,4,15.0
293,11,1,30.0
293,12,4,20.0
293,13,3,20.0
293,14,3,15.0
293,15,1,40.0
293,16,2,42.5
293,17,2,27.5
293,18,3,28.3
293,19,1,30.0
293,20,3,26.7
293,21,1,30.0
23,6,1,
23,8,1,135.0
23,11,1,165.0
23,13,1,120.0
23,14,2,42.5
23,20,1,
23,21,2,37.5
23,22,2,47.5
23,23,1,15.0
294,5,2,16.0
294,6,2,32.0
294,7,2,32.0
294,8,1,48.0
294,9,2,32.0
294,10,1,16.0
294,11,2,56.0
294,12,1,48.0
294,13,1,16.0
294,15,2,84.0
294,16,2,32.0
294,17,2,32.0
294,18,1,32.0
294,19,2,32.0
294,20,1,32.0
294,21,1,80.0
294,22,2,32.0
294,23,1,32.0
295,5,2,16.0
295,6,2,32.0
295,7,2,32.0
295,8,2,32.0
295,9,2,32.0
295,10,2,32.0
295,12,2,56.0
295,14,2,61.0
295,15,1,78.0
295,16,2,32.0
295,17,2,32.0
295,18,1,32.0
295,19,2,32.0
295,20,2,32.0
295,21,1,80.0
295,22,1,34.0
296,8,2,35.0
296,10,3,41.7
296,11,2,25.0
296,13,2,62.5
296,14,3,23.3
296,16,3,40.0
297,7,2,31.0
297,8,1,79.0
297,9,3,16.7
297,10,1,35.0
297,11,1,75.0
297,12,2,25.0
297,13,2,35.0
297,14,2,42.5
297,15,3,16.7
297,16,1,30.0
297,17,1,85.0
297,18,2,22.5
298,0,1,
298,4,2,10.0
298,5,6,10.0
298,6,6,10.0
298,7,6,10.8
298,8,6,10.0
298,9,6,10.0
298,10,6,10.0
298,11,6,10.0
298,12,5,12.0
298,13,3,20.0
298,14,6,10.0
298,15,5,11.0
298,16,4,15.0
298,17,6,10.0
298,18,6,10.8
298,19,5,11.0
298,20,6,10.0
298,21,4,13.8
298,22,1,25.0
299,0,1,
299,5,1,
299,6,6,10.8
299,7,6,10.0
299,8,5,11.0
299,9,6,10.0
299,10,6,10.0
299,11,4,15.0
299,12,5,12.0
299,13,6,10.0
299,14,6,10.0
299,15,6,10.8
299,16,6,10.0
299,17,5,12.0
299,18,6,10.0
299,19,6,10.0
299,20,3,15.0
299,21,5,15.0
299,22,6,10.0
299,23,3,16.7
300,8,1,
300,11,1,155.0
301,7,1,
301,10,1,150.0
302,5,2,35.0
302,6,3,16.7
302,7,2,32.5
302,8,3,20.0
302,9,3,23.3
302,10,1,45.0
302,11,4,18.8
302,12,3,20.0
302,13,5,12.0
302,14,2,20.0
302,15,3,20.0
302,16,4,20.0
302,17,1,30.0
302,18,3,28.3
302,19,2,25.0
302,20,3,25.0
302,21,3,20.0
302,22,1,60.0
303,5,1,
303,6,1,35.0
303,7,2,37.5
303,8,2,25.0
303,9,4,20.0
303,10,2,22.5
303,11,3,21.7
303,12,4,17.5
303,13,4,16.2
303,14,4,13.8
303,15,2,27.5
303,16,3,20.0
303,17,4,15.0
303,18,3,23.3
303,19,1,30.0
303,20,3,26.7
303,21,3,21.7
303,22,2,22.5
304,9,1,
304,10,1,105.0
304,12,1,110.0
305,8,1,
305,9,1,105.0
305,11,1,110.0
306,6,2,40.0
306,7,3,20.0
306,8,2,17.5
306,9,4,21.2
306,10,2,20.0
306,11,3,23.3
306,12,2,30.0
306,13,2,22.5
306,14,2,37.5
306,15,2,30.0
306,16,3,20.0
306,17,3,20.0
306,18,2,25.0
306,19,2,32.5
306,20,3,20.0
306,21,3,21.7
306,22,1,20.0
24,5,1,
24,6,3,20.0
24,7,1,75.0
24,9,1,75.0
24,12,1,
24,13,1,75.0
24,14,1,60.0
24,15,1,25.0
24,19,1,
24,20,1,90.0
24,21,2,25.0
24,22,3,21.7
307,5,1,
307,6,2,30.0
307,7,3,20.0
307,8,3,20.0
307,9,3,20.0
307,10,2,22.5
307,11,2,22.5
307,12,3,25.0
307,13,3,20.0
307,14,3,21.7
307,15,3,25.0
307,16,3,18.3
307,17,3,20.0
307,18,2,30.0
307,19,3,21.7
307,20,3,21.7
307,21,2,20.0
307,22,1,30.0
308,5,4,13.3
308,6,5,14.0
308,7,4,15.0
308,8,6,10.0
308,9,6,10.0
308,10,4,15.0
308,11,4,15.0
308,12,6,10.0
308,13,6,10.0
308,14,5,12.0
308,15,6,10.0
308,16,3,20.0
308,17,5,10.0
308,18,4,17.5
308,19,4,15.0
308,20,4,15.0
308,21,3,20.0
308,22,3,13.3
309,5,1,
309,6,3,20.0
309,7,4,17.5
309,8,6,10.0
309,9,5,12.0
309,10,6,10.0
309,11,4,15.0
309,12,5,12.0
309,13,6,10.0
309,14,6,10.0
309,15,3,16.7
309,16,5,12.0
309,17,5,14.0
309,18,5,10.0
309,19,5,14.0
309,20,3,20.0
309,21,4,15.0
309,22,3,20.0
309,23,2,10.0
310,6,1,
310,7,1,65.0
310,9,1,85.0
310,10,1,75.0
310,12,1,125.0
310,13,1,60.0
310,16,1,140.0
310,17,1,105.0
310,18,1,55.0
311,5,1,
311,6,1,65.0
311,8,1,75.0
311,9,1,65.0
311,11,2,82.5
311,14,1,170.0
311,15,1,60.0
311,17,1,95.0
311,19,1,125.0
312,8,1,
312,11,1,175.0
312,15,1,
312,18,1,175.0
313,6,1,
313,9,1,180.0
313,13,1,
313,16,1,
313,20,1,
314,6,2,30.0
314,7,3,23.3
314,8,2,30.0
314,9,3,20.0
314,10,2,30.0
314,11,3,20.0
314,12,1,50.0
314,13,3,26.7
314,14,2,20.0
314,15,3,26.7
314,16,2,20.0
314,17,3,26.7
314,18,2,20.0
314,19,3,26.7
314,20,1,20.0
314,21,2,45.0
314,22,3,20.0
315,5,2,40.0
315,6,3,20.0
315,7,3,25.0
315,8,2,27.5
315,9,3,21.7
315,10,2,22.5
315,11,1,50.0
315,12,3,28.3
315,13,2,17.5
315,14,3,26.7
315,15,2,20.0
315,16,3,26.7
315,17,2,20.0
315,18,3,26.7
315,19,2,22.5
315,20,1,40.0
315,21,3,31.7
316,8,1,
316,10,1,120.0
316,17,1,
316,19,1,155.0
25,6,1,
25,9,1,
25,11,1,150.0
25,16,1,
25,19,1,155.0
317,7,1,
317,9,1,105.0
317,12,1,180.0
317,18,1,
318,8,2,25.0
318,9,1,70.0
318,10,1,20.0
319,7,1,
319,8,1,65.0
319,9,2,22.5
319,10,2,35.0
319,11,1,20.0
320,7,1,
320,9,1,70.0
320,10,1,75.0
320,11,1,75.0
320,12,1,35.0
321,8,1,
321,9,1,70.0
321,10,1,75.0
321,12,1,115.0
321,22,1,
322,6,1,
322,7,2,30.0
322,8,2,30.0
322,9,2,30.0
322,10,2,30.0
322,11,2,30.0
322,12,1,30.0
322,13,1,60.0
322,15,1,130.0
322,16,1,60.0
322,17,1,60.0
322,18,1,60.0
322,19,1,60.0
322,20,1,60.0
322,21,1,90.0
323,6,2,30.0
323,7,2,30.0
323,8,2,30.0
323,9,2,30.0
323,10,2,30.0
323,11,2,30.0
323,12,1,60.0
323,15,1,
323,16,1,60.0
323,17,1,60.0
323,18,1,60.0
323,19,1,60.0
323,21,2,60.0
324,6,3,20.0
324,7,3,20.0
324,8,6,10.0
324,9,6,10.0
324,10,6,10.0
324,11,4,15.0
324,12,6,10.0
324,13,6,10.0
324,14,6,10.0
324,15,6,10.0
324,16,7,8.6
324,17,6,10.0
324,18,4,10.0
324,19,5,16.0
324,20,6,10.0
324,21,3,16.7
324,22,3,20.0
324,23,1,20.0
325,5,2,20.0
325,6,3,20.0
325,7,7,10.0
325,8,5,12.0
325,9,6,10.0
325,10,6,10.0
325,11,6,10.0
325,12,4,15.0
325,13,6,10.0
325,14,8,7.5
325,15,7,8.6
325,16,6,10.0
325,17,7,8.6
325,18,6,10.0
325,19,3,16.7
325,20,4,17.5
325,21,3,20.0
326,6,1,
326,7,1,70.0
326,8,2,35.0
326,10,1,80.0
326,11,1,50.0
326,12,2,52.5
326,13,1,35.0
326,14,1,80.0
326,15,1,35.0
326,17,2,77.5
326,19,2,57.5
326,21,1,115.0
326,22,1,40.0
326,23,1,75.0
26,8,1,
26,10,1,150.0
26,18,1,
26,21,2,95.0
327,4,1,
327,5,1,70.0
327,6,1,35.0
327,7,1,35.0
327,8,1,75.0
327,9,1,40.0
327,10,2,52.5
327,11,1,35.0
327,12,1,80.0
327,13,1,20.0
327,14,2,52.5
327,15,1,35.0
327,16,1,75.0
327,17,1,70.0
327,19,1,115.0
327,20,1,40.0
327,21,1,75.0
328,6,2,30.0
328,7,2,25.0
328,8,3,18.3
328,9,1,50.0
328,10,1,90.0
328,11,2,30.0
328,12,1,50.0
328,14,1,120.0
328,15,2,35.0
328,18,1,140.0
328,20,2,77.5
328,22,1,90.0
329,19,1,
329,21,1,105.0
1,6,3,20.0
1,7,4,16.2
1,8,6,11.7
1,9,3,20.0
1,10,4,15.0
1,11,3,16.7
1,12,3,18.3
1,13,4,18.8
1,14,3,18.3
1,15,3,13.3
1,16,4,18.8
1,17,3,15.0
1,18,3,28.3
1,19,3,16.7
1,20,4,15.0
1,21,3,20.0
1,22,3,20.0
1,23,3,15.0
27,6,1,
27,7,4,17.5
27,8,4,15.0
27,9,5,12.0
27,10,4,15.0
27,11,3,20.0
27,12,4,15.0
27,13,4,12.5
27,14,4,18.8
27,15,4,15.0
27,16,4,15.0
27,17,3,16.7
27,18,5,14.0
27,19,3,16.7
27,20,4,16.2
27,21,3,20.0
27,22,4,15.0
27,23,1,20.0
330,6,1,
330,7,3,26.7
330,8,3,20.0
330,9,3,20.0
330,10,3,20.0
330,11,2,32.5
330,12,3,20.0
330,13,3,20.0
330,14,3,21.7
330,15,3,20.0
330,16,3,20.0
330,17,3,18.3
330,18,3,20.0
330,19,1,40.0
330,20,3,26.7
330,21,3,20.0
330,22,2,20.0
331,5,1,
331,6,3,26.7
331,7,4,15.0
331,8,3,18.3
331,9,3,18.3
331,10,3,20.0
331,11,3,20.0
331,12,2,32.5
331,13,3,18.3
331,14,3,20.0
331,15,3,21.7
331,16,3,20.0
331,17,3,20.0
331,18,3,18.3
331,19,3,20.0
331,20,2,32.5
332,5,1,
332,6,2,30.0
332,7,2,30.0
332,8,2,20.0
332,9,2,32.5
332,10,2,30.0
332,11,2,30.0
332,12,3,21.7
332,13,3,20.0
332,14,2,25.0
332,15,2,30.0
332,16,2,30.0
332,17,2,30.0
332,18,3,28.3
332,19,3,16.7
332,20,2,25.0
332,21,2,27.5
332,22,4,21.2
332,23,1,20.0
333,4,1,
333,5,2,30.0
333,6,2,30.0
333,7,3,25.0
333,8,2,30.0
333,9,2,30.0
333,10,2,25.0
333,11,4,20.0
333,12,2,20.0
333,13,5,14.0
333,14,5,12.0
333,15,4,16.2
333,16,2,30.0
333,18,1,120.0
333,19,2,20.0
333,20,3,26.7
333,21,3,20.0
334,0,1,
334,5,1,
334,6,3,20.0
334,7,4,17.5
334,8,4,12.5
334,9,5,15.0
334,10,4,15.0
334,11,2,20.0
334,12,4,17.5
334,13,4,13.8
334,14,2,30.0
334,15,3,20.0
334,16,3,23.3
334,17,3,21.7
334,18,5,11.0
334,19,2,27.5
334,20,2,30.0
334,21,4,16.2
334,22,4,16.2
334,23,1,15.0
335,4,2,20.0
335,5,3,18.3
335,6,3,15.0
335,7,3,25.0
335,8,5,13.0
335,9,3,15.0
335,10,3,23.3
335,11,4,13.8
335,12,5,14.0
335,13,4,13.8
335,14,3,20.0
335,15,3,13.3
335,16,2,35.0
335,17,3,21.7
335,18,2,27.5
335,19,2,30.0
335,20,5,12.0
335,21,3,25.0
335,22,2,22.5
336,7,1,
336,10,1,180.0
336,15,1,
336,19,1,
28,5,2,20.0
28,6,3,16.7
28,7,6,11.7
28,8,5,12.0
28,9,3,20.0
28,10,3,20.0
28,11,4,15.0
28,12,4,12.5
28,13,4,13.8
28,14,4,17.5
28,15,3,15.0
28,16,2,37.5
28,17,4,16.2
28,18,3,18.3
28,19,4,16.2
28,20,4,15.0
28,21,3,13.3
28,22,6,11.7
28,23,5,15.0
337,6,1,
337,9,1,180.0
337,12,1,
337,17,1,
338,6,1,
338,7,1,75.0
338,8,1,40.0
338,9,1,55.0
338,10,2,47.5
338,11,1,25.0
338,12,1,80.0
338,13,1,80.0
338,14,1,40.0
338,16,1,125.0
338,18,1,125.0
338,20,1,85.0
338,22,1,125.0
338,23,1,55.0
339,5,1,
339,6,2,55.0
339,7,1,50.0
339,8,1,75.0
339,9,1,40.0
339,11,1,85.0
339,12,1,80.0
339,13,1,40.0
339,14,1,80.0
339,15,1,90.0
339,16,1,30.0
339,18,1,130.0
339,20,1,125.0
339,21,1,55.0
29,7,1,
29,10,1,
340,8,1,
340,10,1,105.0
340,12,1,140.0
341,7,1,
341,9,1,100.0
341,11,1,140.0
341,22,1,
342,6,1,
342,8,1,80.0
342,9,1,80.0
342,11,1,130.0
342,13,1,80.0
343,8,1,
343,9,1,100.0
343,11,1,80.0
343,13,1,130.0
343,14,1,80.0
344,0,1,
344,5,3,20.0
344,6,3,20.0
344,7,4,17.5
344,8,4,12.5
344,9,3,20.0
344,10,3,20.0
344,11,4,17.5
344,12,3,20.0
344,13,3,20.0
344,14,3,18.3
344,15,5,14.0
344,18,2,82.5
344,19,2,20.0
344,20,3,26.7
344,21,3,20.0
344,22,2,37.5
344,23,1,35.0
30,6,1,
30,9,1,170.0
345,6,2,20.0
345,7,3,20.0
345,8,3,20.0
345,9,5,12.0
345,10,3,20.0
345,11,3,20.0
345,12,3,18.3
345,13,3,18.3
345,14,3,20.0
345,15,3,20.0
345,16,2,30.0
345,17,2,35.0
345,18,3,20.0
345,19,3,20.0
345,20,3,20.0
345,21,2,30.0
345,22,3,20.0
345,23,1,25.0
346,6,1,
346,9,1,165.0
346,11,1,175.0
346,14,1,130.0
346,16,1,160.0
346,19,1,155.0
347,7,1,
347,10,1,160.0
347,13,1,170.0
347,15,1,120.0
347,18,1,170.0
347,20,1,155.0
348,6,2,45.0
348,7,1,45.0
348,8,2,35.0
348,9,3,23.3
348,10,2,25.0
348,11,1,30.0
348,12,3,33.3
348,13,2,22.5
348,14,1,25.0
348,15,3,33.3
348,16,1,50.0
348,18,1,120.0
348,19,2,35.0
348,20,1,50.0
349,7,1,
349,8,2,45.0
349,9,1,45.0
349,10,3,26.7
349,11,2,22.5
349,12,2,27.5
349,13,2,37.5
349,14,2,22.5
349,15,2,25.0
349,16,2,45.0
349,17,1,30.0
349,18,1,60.0
349,19,1,90.0
349,20,1,30.0
349,21,2,42.5
350,6,3,10.0
350,7,6,10.0
350,8,6,10.0
350,9,6,10.0
350,10,5,11.0
350,11,5,12.0
350,12,5,13.0
350,13,6,10.0
350,14,5,10.0
350,15,5,13.0
350,16,6,10.0
350,17,5,12.0
350,18,6,10.0
350,19,5,13.0
350,20,4,15.0
350,21,5,11.0
350,22,5,12.0
350,23,1,25.0
351,0,1,
351,5,5,10.0
351,6,6,10.0
351,7,6,10.0
351,8,6,10.0
351,9,6,10.0
351,10,3,16.7
351,11,6,11.7
351,12,6,10.0
351,13,6,10.0
351,14,7,8.6
351,15,4,15.0
351,16,5,11.0
351,17,6,10.0
351,18,5,12.0
351,19,3,20.0
351,20,5,12.0
351,21,6,10.0
351,22,5,13.0
351,23,2,12.5
352,7,1,
352,9,1,100.0
352,11,1,100.0
352,13,1,130.0
352,14,1,100.0
352,16,1,100.0
352,18,1,100.0
352,20,1,130.0
352,21,1,90.0
353,5,1,
353,6,1,40.0
353,8,1,150.0
353,10,1,100.0
353,12,1,130.0
353,14,1,100.0
353,15,1,100.0
353,17,1,100.0
353,19,1,100.0
353,21,1,130.0
354,6,1,
354,7,2,30.0
354,8,3,28.3
354,9,2,30.0
354,10,2,27.5
354,11,2,30.0
354,12,1,55.0
354,13,2,30.0
354,14,2,30.0
354,15,2,30.0
354,16,2,27.5
354,17,2,30.0
354,18,2,30.0
354,19,2,30.0
354,20,1,30.0
355,6,1,
355,7,2,30.0
355,8,3,28.3
355,9,2,30.0
355,10,2,27.5
355,11,2,30.0
355,12,1,55.0
355,13,2,30.0
355,14,2,30.0
355,15,2,30.0
355,16,2,30.0
355,17,2,30.0
355,18,2,27.5
355,19,2,30.0
355,20,1,30.0
356,5,1,
356,6,2,30.0
356,7,1,55.0
356,8,1,30.0
356,9,2,45.0
356,10,1,50.0
356,11,1,55.0
356,12,1,35.0
356,13,1,105.0
356,14,2,27.5
356,17,1,165.0
356,18,2,40.0
356,19,1,40.0
357,7,2,35.0
357,8,1,50.0
357,9,1,50.0
357,10,2,45.0
357,11,1,55.0
357,12,1,50.0
357,16,2,40.0
357,17,1,40.0
357,18,1,40.0
357,19,1,70.0
357,20,2,40.0
357,21,1,40.0
358,8,1,
358,9,1,45.0
359,6,1,
359,7,1,50.0
359,13,2,35.0
360,8,1,
360,11,1,
360,14,1,175.0
360,18,1,
31,6,1,
31,7,1,85.0
31,8,1,75.0
31,10,1,85.0
31,12,1,110.0
31,13,1,90.0
31,14,1,75.0
31,18,1,
31,20,1,165.0
361,7,1,
361,9,1,170.0
361,13,1,
361,16,1,180.0
361,19,1,
362,7,1,
362,9,1,165.0
362,13,1,
362,16,1,
362,19,1,
363,8,1,
363,11,1,
363,14,1,
363,17,1,180.0
364,6,2,10.0
364,7,5,11.0
364,8,5,13.0
364,9,5,10.0
364,10,5,14.0
364,11,4,12.5
364,12,3,23.3
364,13,6,10.0
364,14,3,20.0
364,15,4,12.5
364,16,5,14.0
364,17,5,12.0
364,18,5,12.0
364,19,4,11.2
364,20,3,21.7
364,21,5,12.0
364,22,2,22.5
364,23,1,30.0
365,6,6,11.0
365,7,5,11.0
365,8,6,10.0
365,9,4,15.0
365,10,5,13.0
365,11,2,25.0
365,12,6,10.8
365,13,4,16.2
365,14,6,9.2
365,15,3,20.0
365,16,4,12.5
365,17,5,14.0
365,18,5,11.0
365,19,3,21.7
365,20,5,12.0
365,21,2,25.0
365,22,2,15.0
365,23,1,65.0
32,5,1,
32,7,1,145.0
32,9,1,90.0
32,10,1,75.0
32,11,1,85.0
32,13,2,62.5
32,16,1,150.0
32,19,1,
368,6,1,
368,7,2,50.0
368,8,2,37.5
368,9,1,60.0
368,10,2,30.0
368,11,1,45.0
368,12,1,55.0
368,13,2,40.0
368,14,1,60.0
368,16,1,100.0
368,17,1,80.0
368,18,2,30.0
368,20,1,100.0
368,22,2,62.5
369,4,1,
369,5,1,50.0
369,6,2,40.0
369,7,2,30.0
369,8,2,30.0
369,9,1,50.0
369,10,2,42.5
369,11,1,40.0
369,12,2,22.5
369,14,1,130.0
369,15,1,60.0
369,17,1,110.0
369,18,1,90.0
369,20,2,62.5
370,6,1,
370,7,1,80.0
370,9,1,100.0
370,11,1,105.0
371,7,1,
371,8,1,75.0
371,10,1,115.0
371,12,1,130.0
372,5,2,30.0
372,6,3,23.3
372,7,4,16.2
372,8,2,30.0
372,9,3,20.0
372,10,2,27.5
372,11,3,21.7
372,12,4,15.0
372,13,1,30.0
372,14,3,28.3
372,15,4,16.2
372,16,1,15.0
372,18,1,110.0
372,19,2,45.0
372,20,1,60.0
372,21,3,26.7
372,22,1,40.0
372,23,1,60.0
373,5,2,30.0
373,6,3,23.3
373,7,3,21.7
373,8,2,30.0
373,9,3,20.0
373,10,2,27.5
373,11,3,21.7
373,12,2,30.0
373,13,1,30.0
373,14,2,30.0
373,15,1,40.0
373,17,2,77.5
373,18,2,25.0
373,19,2,22.5
373,20,1,70.0
373,21,2,37.5
373,22,1,50.0
373,23,2,30.0
33,6,2,15.0
33,7,2,30.0
33,8,1,40.0
33,9,2,35.0
33,10,1,40.0
33,11,2,40.0
33,12,5,16.0
33,13,2,30.0
33,14,2,27.5
33,15,3,18.3
33,16,1,40.0
33,17,2,40.0
33,18,2,35.0
33,19,1,40.0
33,20,2,40.0
33,21,2,20.0
33,22,2,40.0
33,23,1,40.0
376,5,1,
376,9,1,
376,13,1,
376,18,1,
377,7,1,
377,11,1,
377,15,1,
377,20,1,
377,21,1,110.0
378,5,2,35.0
378,6,2,32.5
378,7,1,25.0
378,8,2,40.0
378,9,2,32.5
378,10,2,27.5
378,11,2,30.0
378,12,3,23.3
378,14,1,115.0
378,16,1,95.0
378,17,2,37.5
378,18,2,37.5
378,19,1,45.0
378,20,2,30.0
378,21,1,45.0
379,6,2,35.0
379,7,1,30.0
379,8,2,40.0
379,9,2,35.0
379,10,1,30.0
379,11,2,42.5
379,12,2,27.5
379,13,1,35.0
379,14,1,45.0
379,15,1,110.0
379,16,1,35.0
379,17,2,35.0
379,18,2,37.5
379,19,1,30.0
379,20,1,45.0
379,21,2,52.5
379,22,1,35.0
379,23,1,40.0
380,6,1,
380,8,1,140.0
380,11,1,175.0
380,13,1,120.0
380,16,1,135.0
380,18,1,120.0
380,20,1,155.0
381,5,1,
381,7,1,130.0
381,10,1,170.0
381,12,1,150.0
381,13,1,45.0
381,17,1,
381,19,1,125.0
381,20,1,105.0
382,7,1,
382,9,1,120.0
382,12,1,155.0
383,6,1,
383,8,1,110.0
383,11,1,155.0
34,5,3,17.5
34,6,1,40.0
34,7,2,45.0
34,8,3,20.0
34,9,1,40.0
34,10,3,26.7
34,11,2,20.0
34,12,2,40.0
34,13,3,20.0
34,14,4,15.0
34,17,2,80.0
34,18,2,40.0
34,19,2,30.0
34,20,2,30.0
34,21,1,40.0
34,22,1,40.0
384,6,1,
384,7,4,15.0
384,8,3,20.0
384,9,4,15.0
384,10,4,15.0
384,11,3,20.0
384,12,2,30.0
384,13,2,30.0
384,14,2,25.0
384,15,1,65.0
384,16,2,25.0
384,17,1,40.0
384,18,1,75.0
384,20,1,95.0
384,21,1,60.0
385,8,4,15.0
385,9,4,15.0
385,10,4,15.0
385,11,5,12.0
385,12,4,15.0
385,13,1,20.0
385,17,1,
385,18,3,20.0
385,19,2,27.5
385,20,2,20.0
386,5,1,
386,7,1,120.0
386,8,2,42.5
386,9,1,60.0
386,10,1,60.0
386,11,2,37.5
386,12,1,55.0
386,13,1,65.0
386,14,1,55.0
386,16,1,125.0
386,17,1,60.0
386,18,1,60.0
386,22,1,
387,6,1,
387,7,1,65.0
387,8,1,65.0
387,9,1,60.0
387,11,1,65.0
387,12,2,55.0
387,13,1,65.0
387,15,1,75.0
387,16,1,60.0
387,17,1,60.0
387,20,1,180.0
387,21,1,60.0
388,6,1,
388,7,2,42.5
388,8,2,35.0
388,9,1,40.0
388,10,2,40.0
388,12,1,100.0
388,16,1,
388,17,1,70.0
388,18,1,40.0
388,20,2,55.0
388,22,1,130.0
389,7,1,
389,8,1,45.0
389,9,2,40.0
389,10,1,60.0
389,11,1,40.0
389,12,2,40.0
389,16,1,
389,17,1,40.0
389,18,1,105.0
389,19,1,40.0
389,20,1,50.0
389,21,1,60.0
2,4,1,
2,5,3,20.0
2,6,4,15.0
2,7,3,18.3
2,8,4,18.8
2,9,4,13.8
2,10,4,12.5
2,11,4,18.8
2,12,5,12.0
2,13,3,13.3
2,14,2,35.0
2,15,3,20.0
2,16,1,55.0
2,17,3,21.7
2,18,4,15.0
2,19,5,12.0
2,20,3,20.0
2,21,3,16.7
2,22,6,13.3
2,23,3,20.0
35,6,1,
35,7,2,22.5
35,8,4,20.0
35,9,2,27.5
35,10,2,27.5
35,11,3,25.0
35,12,2,30.0
35,13,2,27.5
35,14,3,16.7
35,15,2,27.5
35,16,3,26.7
35,17,3,18.3
35,18,2,27.5
35,19,3,23.3
35,20,2,30.0
35,21,2,27.5
35,22,3,21.7
35,23,1,15.0
390,6,1,
390,7,2,30.0
390,8,2,30.0
390,9,2,30.0
390,10,2,30.0
390,11,2,30.0
390,12,2,30.0
390,13,2,30.0
390,14,2,30.0
390,15,1,50.0
390,16,2,35.0
390,17,2,30.0
390,18,2,30.0
390,20,2,50.0
390,21,2,30.0
390,22,2,30.0
391,5,1,
391,6,2,30.0
391,7,3,26.7
391,8,3,21.7
391,9,2,27.5
391,10,2,27.5
391,11,2,32.5
391,12,2,30.0
391,13,1,15.0
391,14,4,22.5
391,16,1,105.0
391,18,1,130.0
391,19,2,30.0
391,20,2,30.0
391,21,1,30.0
392,5,3,20.0
392,6,2,30.0
392,7,3,20.0
392,8,4,15.0
392,9,2,20.0
392,10,3,25.0
392,11,3,18.3
392,12,3,20.0
392,13,6,12.5
392,14,1,5.0
392,15,3,35.0
392,16,2,20.0
392,19,3,65.0
392,20,3,20.0
392,21,2,20.0
393,6,2,25.0
393,7,3,18.3
393,8,2,32.5
393,9,5,12.0
393,10,3,20.0
393,11,2,30.0
393,12,3,15.0
393,13,4,20.0
393,14,2,22.5
393,15,2,17.5
393,16,2,47.5
393,17,2,30.0
393,18,3,18.3
393,20,2,57.5
393,21,3,21.7
393,22,2,32.5
394,8,1,
394,9,2,30.0
394,10,3,26.7
394,11,2,30.0
394,12,2,25.0
395,7,1,
395,8,3,28.3
395,9,2,25.0
395,10,2,30.0
395,11,2,25.0
396,5,2,20.0
396,6,4,15.0
396,7,6,10.0
396,8,6,10.0
396,9,6,10.0
396,10,6,10.0
396,11,6,10.0
396,12,3,16.7
396,13,6,11.7
396,14,4,15.0
396,15,3,20.0
396,16,3,20.0
396,17,6,10.0
396,18,5,12.0
396,19,6,10.0
396,20,3,16.7
396,21,5,14.0
396,22,4,15.0
396,23,2,20.0
397,0,2,20.0
397,4,1,
397,5,4,17.5
397,6,6,10.0
397,7,6,10.0
397,8,6,10.0
397,9,6,10.0
397,10,6,10.0
397,11,4,15.0
397,12,5,12.0
397,13,7,8.6
397,14,6,10.8
397,15,3,20.0
397,16,3,15.0
397,17,4,17.5
397,18,6,10.0
397,19,4,15.0
397,20,4,15.0
397,21,4,12.5
397,22,4,15.0
397,23,2,30.0
36,5,2,20.0
36,6,2,25.0
36,7,3,18.3
36,8,3,23.3
36,9,3,21.7
36,10,1,40.0
36,11,2,30.0
36,12,2,27.5
36,13,4,21.2
36,14,2,27.5
36,15,3,18.3
36,16,3,23.3
36,17,1,35.0
36,18,3,20.0
36,19,2,32.5
36,20,2,30.0
36,21,4,18.8
398,6,1,
398,9,1,
398,15,1,
398,16,1,70.0
398,21,1,
399,8,1,
399,18,1,
400,7,1,
400,14,1,
400,16,1,100.0
401,9,1,
401,17,1,
37,5,3,20.0
37,6,5,14.0
37,7,4,12.5
37,8,5,14.0
37,9,5,12.0
37,10,4,15.0
37,11,5,12.0
37,12,4,16.2
37,13,4,12.5
37,14,4,16.2
37,15,5,12.0
37,16,3,16.7
37,17,5,12.0
37,18,3,16.7
37,19,4,20.0
37,20,3,16.7
37,21,3,23.3
402,6,1,
402,7,1,35.0
402,8,1,70.0
402,9,2,40.0
402,11,1,70.0
402,12,1,110.0
402,13,1,30.0
402,14,2,32.5
402,15,2,30.0
402,21,1,
403,8,2,35.0
403,9,1,70.0
403,10,1,45.0
403,11,1,35.0
403,12,1,70.0
403,17,1,
403,18,1,45.0
403,19,1,75.0
404,5,1,
404,6,1,100.0
404,7,1,50.0
404,8,1,50.0
404,9,1,50.0
404,10,1,50.0
404,11,2,50.0
404,12,2,25.0
404,13,2,35.0
404,14,1,50.0
404,15,1,50.0
404,16,1,50.0
404,17,1,80.0
404,18,1,50.0
404,19,1,50.0
404,20,1,50.0
404,21,1,45.0
405,7,2,50.0
405,8,1,50.0
405,9,1,50.0
405,10,1,50.0
405,11,1,55.0
405,12,2,50.0
405,13,1,50.0
405,14,1,50.0
405,15,2,35.0
405,16,1,30.0
405,17,1,100.0
405,18,1,50.0
405,19,1,50.0
405,20,1,50.0
405,21,1,50.0
405,22,2,47.5
406,8,2,30.0
406,9,2,35.0
406,10,1,50.0
406,11,2,32.5
406,12,2,37.5
406,13,1,25.0
406,14,2,35.0
406,16,1,120.0
406,17,2,32.5
406,18,2,37.5
406,19,1,35.0
406,20,3,25.0
406,21,1,70.0
406,22,1,20.0
407,7,2,30.0
407,8,2,32.5
407,9,2,37.5
407,10,1,35.0
407,11,2,40.0
407,12,2,32.5
407,13,2,17.5
407,14,1,90.0
407,15,2,27.5
407,17,1,110.0
407,18,2,32.5
407,19,1,35.0
38,5,1,
38,6,3,20.0
38,7,5,13.0
38,8,5,12.0
38,9,5,12.0
38,10,4,12.5
38,11,4,15.0
38,12,5,12.0
38,13,4,16.2
38,14,4,16.2
38,15,3,16.7
38,16,5,12.0
38,17,4,17.5
38,18,5,12.0
38,19,3,20.0
38,20,4,15.0
38,21,3,20.0
38,22,2,22.5
408,6,2,10.0
408,7,6,10.0
408,9,4,30.0
408,10,4,11.2
408,12,3,45.0
408,13,5,11.0
408,16,2,92.5
408,17,5,12.0
408,20,5,33.0
408,21,2,15.0
409,8,1,
409,9,1,105.0
409,11,1,105.0
410,8,1,
410,10,1,100.0
410,12,1,110.0
411,5,3,10.0
411,6,4,12.5
411,8,6,22.5
411,9,2,10.0
411,11,5,32.0
411,12,3,10.0
411,13,2,45.0
411,14,3,15.0
411,15,2,15.0
411,18,3,10.0
411,19,4,12.5
411,21,1,80.0
411,22,1,80.0
412,6,1,
412,8,1,100.0
412,9,1,100.0
412,11,1,130.0
412,17,1,
412,19,1,110.0
412,20,1,70.0
413,7,1,
413,8,1,100.0
413,10,1,100.0
413,12,1,130.0
413,16,1,
413,18,1,110.0
413,20,1,110.0
414,5,1,
414,6,3,18.3
414,7,4,18.8
414,8,6,10.0
414,9,4,11.2
414,10,6,11.7
414,11,5,12.0
414,12,3,20.0
414,13,5,12.0
414,14,5,11.0
414,15,3,18.3
414,16,2,30.0
414,17,3,25.0
414,18,2,27.5
414,19,3,20.0
414,20,1,60.0
414,21,3,20.0
414,22,2,20.0
414,23,2,35.0
415,4,1,
415,5,3,18.3
415,6,4,17.5
415,7,5,12.0
415,8,5,11.0
415,9,6,10.0
415,10,4,12.5
415,11,3,20.0
415,12,6,11.7
415,13,5,11.0
415,14,7,10.0
415,15,2,15.0
415,16,1,65.0
415,17,1,70.0
415,18,3,20.0
415,19,1,60.0
415,20,3,20.0
415,21,2,20.0
415,22,2,35.0
416,6,2,25.0
416,7,3,16.7
416,8,4,18.8
416,9,3,21.7
416,10,3,18.3
416,11,2,25.0
416,12,2,30.0
416,13,3,20.0
416,14,4,17.5
416,15,1,20.0
416,16,2,35.0
416,17,3,31.7
416,18,2,22.5
416,19,2,27.5
416,20,2,35.0
416,21,3,23.3
416,22,2,22.5
417,4,1,
417,5,2,22.5
417,6,3,16.7
417,7,4,18.8
417,8,3,20.0
417,9,3,20.0
417,10,2,22.5
417,11,3,28.3
417,12,3,18.3
417,13,4,16.2
417,14,2,22.5
417,15,5,10.0
417,16,2,22.5
417,18,2,62.5
417,19,3,31.7
417,20,2,22.5
417,21,1,30.0
417,22,2,42.5
417,23,1,60.0
418,5,1,
418,6,4,15.0
418,7,4,15.0
418,8,4,15.0
418,9,4,15.0
418,10,4,15.0
418,11,4,15.0
418,12,4,16.2
418,13,4,15.0
418,14,2,17.5
418,15,3,25.0
418,16,4,17.5
418,17,4,15.0
418,18,3,15.0
418,19,4,18.8
418,20,4,15.0
418,21,4,15.0
418,22,3,15.0
418,23,2,30.0
419,4,3,10.0
419,5,4,15.0
419,6,3,15.0
419,7,3,25.0
419,8,4,15.0
419,9,4,15.0
419,10,4,15.0
419,11,4,15.0
419,12,6,10.0
419,13,6,10.8
419,14,3,16.7
419,15,2,20.0
419,17,2,62.5
419,18,3,25.0
419,19,6,10.0
419,20,5,12.0
419,21,3,18.3
419,22,8,9.4
419,23,2,17.5
420,9,1,
420,16,1,
420,19,1,
421,8,1,
421,11,1,
421,15,1,
421,18,1,125.0
422,0,2,20.0
422,5,1,
422,6,6,11.7
422,7,6,9.2
422,8,6,10.0
422,9,6,10.0
422,10,4,13.8
422,11,6,10.8
422,12,6,10.0
422,13,5,12.0
422,14,6,10.0
422,15,6,10.8
422,16,3,18.3
422,17,6,10.0
422,18,6,10.0
422,19,4,15.0
422,20,5,12.0
422,21,5,11.0
422,22,3,21.7
422,23,4,15.0
423,6,2,25.0
423,7,7,8.6
423,8,6,10.0
423,9,6,9.2
423,10,6,11.7
423,11,4,12.5
423,12,6,11.7
423,13,5,10.0
423,14,5,14.0
423,15,5,11.0
423,16,6,10.0
423,17,4,16.2
423,18,5,12.0
423,19,6,10.0
423,20,3,16.7
423,21,6,10.8
423,22,6,10.0
423,23,1,25.0
424,6,1,
424,8,1,140.0
424,10,1,140.0
424,13,1,140.0
424,15,1,140.0
424,17,1,140.0
424,20,1,140.0
425,5,1,
425,7,1,135.0
425,9,1,140.0
425,11,1,140.0
425,14,1,140.0
425,16,1,140.0
425,18,1,140.0
425,21,1,140.0
426,5,2,40.0
426,6,1,40.0
426,7,2,40.0
426,8,3,25.0
426,9,1,30.0
426,10,2,40.0
426,11,1,40.0
426,12,3,26.7
426,13,1,45.0
426,15,1,135.0
426,18,1,145.0
426,19,1,85.0
426,20,2,40.0
426,22,1,90.0
427,6,1,
427,7,2,40.0
427,8,1,40.0
427,9,2,40.0
427,10,1,40.0
427,11,3,26.7
427,12,1,40.0
427,13,2,40.0
427,14,1,40.0
427,15,1,85.0
427,16,1,40.0
427,17,2,40.0
427,18,1,40.0
427,19,1,80.0
427,21,2,60.0
427,22,1,40.0
428,0,1,
428,6,2,20.0
428,7,3,16.7
428,8,4,20.0
428,9,5,12.0
428,10,5,12.0
428,11,5,12.0
428,12,5,12.0
428,13,5,13.0
428,14,5,11.0
428,15,3,20.0
428,16,3,20.0
428,17,2,15.0
428,19,2,65.0
428,20,4,21.2
428,21,6,9.2
429,5,2,20.0
429,6,3,18.3
429,7,3,16.7
429,8,5,14.0
429,9,5,12.0
429,10,6,10.0
429,11,6,10.0
429,12,3,20.0
429,13,6,10.0
429,14,5,12.0
429,15,4,15.0
429,16,3,16.7
429,17,3,23.3
429,18,5,12.0
429,19,4,15.0
429,20,2,25.0
429,21,4,18.8
429,22,2,17.5
430,5,1,
430,8,1,
430,11,1,145.0
430,13,1,120.0
430,16,1,
430,20,1,
431,6,1,
431,9,1,
431,12,1,155.0
431,15,1,
431,19,1,
431,21,1,140.0
432,6,2,40.0
432,7,2,30.0
432,8,2,30.0
432,9,2,30.0
432,10,2,30.0
432,11,2,32.5
432,12,1,45.0
432,13,1,40.0
432,14,2,32.5
432,15,2,37.5
432,16,2,30.0
432,17,2,30.0
432,18,2,30.0
432,19,2,30.0
432,20,1,50.0
432,21,1,30.0
433,7,2,40.0
433,8,2,30.0
433,9,2,30.0
433,10,2,32.5
433,11,1,45.0
433,12,1,40.0
433,13,3,26.7
433,14,2,20.0
433,15,2,32.5
433,16,2,37.5
433,17,2,30.0
433,18,2,30.0
433,19,1,40.0
433,20,2,35.0
433,21,1,40.0
434,8,1,
434,9,1,90.0
434,11,1,125.0
434,15,1,
434,16,1,90.0
434,18,1,100.0
435,7,1,
435,8,1,90.0
435,10,1,120.0
435,15,1,
435,16,1,30.0
435,17,1,100.0
39,5,1,
39,6,1,55.0
39,7,2,42.5
39,8,1,55.0
39,9,1,50.0
39,10,1,75.0
39,11,1,55.0
39,12,2,25.0
39,13,2,37.5
39,16,1,135.0
39,17,2,50.0
39,19,1,80.0
39,20,2,50.0
436,0,1,
436,6,2,30.0
436,7,2,35.0
436,8,1,50.0
436,9,2,35.0
436,10,1,35.0
436,11,1,90.0
436,12,1,45.0
436,13,2,25.0
436,15,1,135.0
436,17,2,60.0
436,18,1,55.0
436,19,1,75.0
436,20,1,50.0
436,22,1,85.0
436,23,1,70.0
437,5,2,35.0
437,6,2,30.0
437,7,2,37.5
437,8,1,30.0
437,9,1,45.0
437,10,1,80.0
437,11,2,37.5
437,12,2,35.0
437,13,1,35.0
437,16,1,150.0
437,17,1,70.0
437,18,1,80.0
437,19,1,45.0
437,20,1,95.0
437,22,3,40.0
438,6,2,30.0
438,7,2,30.0
438,8,2,30.0
438,9,2,30.0
438,10,2,30.0
438,11,1,60.0
438,12,2,30.0
438,13,2,30.0
438,14,1,50.0
438,15,2,30.0
438,16,2,30.0
438,17,2,30.0
438,18,2,30.0
438,19,1,30.0
438,20,2,45.0
438,21,2,30.0
438,22,1,30.0
439,8,1,
439,11,1,150.0
439,14,1,
439,16,1,165.0
439,19,1,150.0
439,22,1,
440,7,1,
440,9,1,150.0
440,12,1,
440,15,2,72.5
440,18,1,170.0
440,21,1,
441,5,2,30.0
441,6,2,30.0
441,7,2,30.0
441,8,2,30.0
441,9,2,30.0
441,10,1,60.0
441,11,2,30.0
441,12,3,20.0
441,13,2,30.0
441,14,3,20.0
441,15,2,40.0
441,16,2,30.0
441,17,2,30.0
441,18,1,60.0
441,19,2,30.0
441,20,2,30.0
442,6,2,40.0
442,7,1,40.0
442,8,2,40.0
442,9,1,40.0
442,10,2,32.5
442,11,1,40.0
442,12,2,40.0
442,13,1,40.0
442,14,2,40.0
442,15,1,60.0
442,16,1,45.0
442,17,2,40.0
442,18,1,40.0
442,19,2,40.0
442,20,2,35.0
443,5,1,
443,6,1,40.0
443,7,2,47.5
443,8,2,27.5
443,9,1,40.0
443,10,2,45.0
443,11,1,30.0
443,12,3,26.7
443,13,1,40.0
443,14,3,26.7
443,15,1,40.0
443,16,2,40.0
443,18,2,67.5
443,19,1,55.0
443,20,1,45.0
443,22,1,135.0
40,6,1,
40,7,1,55.0
40,8,1,55.0
40,9,1,30.0
40,10,2,55.0
40,14,1,
40,15,1,50.0
40,16,1,50.0
40,17,1,50.0
40,18,1,50.0
40,19,1,50.0
40,20,1,80.0
40,21,1,60.0
40,22,1,40.0
444,6,2,20.0
444,7,2,35.0
444,8,3,25.0
444,9,2,30.0
444,10,2,30.0
444,11,2,30.0
444,12,2,30.0
444,13,3,20.0
444,14,2,27.5
444,15,2,30.0
444,16,1,60.0
444,17,2,30.0
444,18,1,60.0
444,19,3,23.3
444,20,3,18.3
444,21,2,27.5
444,22,3,21.7
444,23,2,20.0
445,4,1,
445,5,2,30.0
445,6,3,20.0
445,7,2,25.0
445,8,2,27.5
445,9,2,30.0
445,10,3,26.7
445,11,2,22.5
445,12,3,25.0
445,13,4,15.0
445,14,2,30.0
445,15,2,30.0
445,16,3,16.7
445,19,3,61.7
445,20,2,30.0
445,21,3,15.0
445,22,2,30.0
446,7,1,
446,11,1,
446,15,2,30.0
446,16,1,20.0
447,10,1,
447,14,1,
447,18,1,
41,5,2,25.0
41,6,2,25.0
41,7,3,21.7
41,8,5,12.0
41,9,2,25.0
41,10,4,18.8
41,11,2,20.0
41,12,3,25.0
41,13,3,18.3
41,14,6,10.0
41,15,1,55.0
41,16,4,18.8
41,17,1,55.0
41,18,3,20.0
41,19,2,22.5
41,20,2,25.0
41,21,3,23.3
41,22,3,23.3
448,6,1,
448,10,1,
448,16,1,
448,20,1,
449,5,1,
449,9,1,
449,14,1,
449,18,1,
450,6,2,20.0
450,7,4,17.5
450,8,6,10.0
450,9,6,10.0
450,10,6,10.0
450,11,6,10.0
450,12,4,15.0
450,13,6,10.0
450,14,6,10.0
450,15,3,16.7
450,16,3,20.0
450,17,2,35.0
450,18,5,12.0
450,19,4,15.0
450,20,4,12.5
450,21,5,14.0
450,22,4,12.5
450,23,2,20.0
451,8,1,
451,11,1,160.0
452,7,1,
452,9,1,160.0
453,1,1,
453,5,3,20.0
453,6,5,14.0
453,7,6,10.0
453,8,6,10.0
453,9,6,10.0
453,10,5,12.0
453,11,5,12.0
453,12,6,10.0
453,13,7,7.9
453,14,5,11.0
453,15,3,20.0
453,16,3,20.0
453,17,2,20.0
453,18,3,30.0
453,19,2,30.0
453,20,5,12.0
453,21,3,16.7
453,22,1,20.0
42,5,1,
42,6,2,27.5
42,7,3,25.0
42,8,3,16.7
42,9,5,14.0
42,10,2,22.5
42,11,3,23.3
42,12,4,17.5
42,13,2,25.0
42,14,1,45.0
42,15,3,20.0
42,16,3,28.3
42,17,2,25.0
42,18,3,23.3
42,19,3,20.0
42,20,3,20.0
42,21,2,22.5
42,22,3,25.0
42,23,2,12.5
454,6,1,
454,8,1,155.0
455,7,1,
455,10,1,170.0
456,6,1,
456,8,1,85.0
456,9,1,90.0
456,11,1,90.0
456,16,1,
456,17,1,90.0
457,6,1,
457,7,1,80.0
457,8,1,90.0
457,10,1,90.0
457,11,1,90.0
457,17,1,
457,18,1,90.0
458,6,1,
458,7,2,42.5
458,8,2,32.5
458,9,2,32.5
458,10,2,25.0
458,11,2,32.5
458,12,1,55.0
458,13,2,32.5
458,14,1,60.0
458,15,1,35.0
458,16,2,45.0
458,17,1,30.0
458,18,3,30.0
458,19,2,30.0
458,20,1,30.0
458,21,2,42.5
458,22,2,32.5
459,5,1,
459,6,1,60.0
459,7,2,32.5
459,8,2,25.0
459,9,2,32.5
459,10,2,32.5
459,11,1,25.0
459,12,2,47.5
459,13,2,27.5
459,14,2,27.5
459,16,1,100.0
459,17,2,45.0
459,18,2,35.0
459,19,2,25.0
459,20,1,40.0
459,21,1,80.0
459,22,2,17.5
43,7,1,
43,8,1,45.0
43,9,1,105.0
43,10,1,45.0
43,15,1,
43,18,1,150.0
460,14,1,
460,18,1,
461,17,1,
461,20,1,
462,7,1,
462,8,1,75.0
462,9,1,85.0
462,11,1,80.0
463,8,1,
463,9,1,75.0
463,11,1,85.0
463,12,1,75.0
464,7,1,
464,9,1,95.0
464,10,1,95.0
464,12,1,120.0
464,13,1,40.0
464,15,1,135.0
464,17,1,95.0
464,19,1,100.0
464,21,1,120.0
44,6,2,45.0
44,8,1,100.0
44,9,1,45.0
44,11,2,67.5
44,12,1,45.0
44,16,1,
44,19,1,180.0
465,8,1,
465,10,1,95.0
465,12,1,125.0
465,16,1,
465,18,1,95.0
465,20,1,125.0
466,8,1,
466,10,1,170.0
467,6,1,
467,9,1,160.0
468,6,1,
468,7,1,85.0
468,8,2,22.5
468,9,2,30.0
468,10,3,23.3
468,11,3,21.7
468,12,4,15.0
468,13,2,30.0
468,14,1,55.0
468,16,2,57.5
468,17,2,22.5
468,18,1,55.0
468,19,1,60.0
468,20,1,75.0
469,6,1,
469,7,2,32.5
469,8,2,27.5
469,9,3,21.7
469,10,2,32.5
469,11,2,20.0
469,12,3,25.0
469,14,2,45.0
469,15,3,28.3
469,16,1,15.0
469,17,1,90.0
469,18,1,80.0
470,6,1,
470,7,3,25.0
470,8,4,15.0
470,9,3,18.3
470,10,3,18.3
470,11,3,23.3
470,12,4,13.8
470,13,3,20.0
470,14,4,16.2
470,15,2,15.0
470,16,4,20.0
470,17,3,15.0
470,18,4,21.2
470,19,3,18.3
470,20,2,27.5
470,21,4,15.0
470,22,3,20.0
470,23,1,15.0
471,5,1,
471,6,2,30.0
471,7,4,13.8
471,8,4,17.5
471,9,4,13.8
471,10,3,18.3
471,11,4,17.5
471,12,2,30.0
471,13,4,12.5
471,14,3,20.0
471,15,3,21.7
471,16,2,15.0
471,17,4,21.2
471,18,3,15.0
471,19,4,21.2
471,20,3,16.7
471,21,2,30.0
471,22,1,15.0
472,6,1,
472,7,1,65.0
472,8,1,35.0
472,9,2,32.5
472,10,2,37.5
472,11,1,65.0
472,12,1,45.0
472,13,2,32.5
472,14,1,70.0
472,16,2,52.5
472,17,1,70.0
472,18,1,40.0
472,19,1,70.0
472,20,1,70.0
472,21,1,70.0
473,6,1,
473,7,2,47.5
473,8,2,32.5
473,9,2,35.0
473,10,1,35.0
473,11,2,37.5
473,12,1,65.0
473,13,1,50.0
473,14,1,65.0
473,15,1,60.0
473,16,1,70.0
473,17,1,40.0
473,18,1,70.0
473,19,1,40.0
473,20,1,70.0
473,22,1,95.0
474,8,1,
474,11,1,
475,7,1,
475,10,1,
476,1,1,
476,5,2,15.0
476,6,6,10.8
476,7,6,10.0
476,8,3,15.0
476,9,3,25.0
476,10,5,12.0
476,11,4,15.0
476,12,6,10.0
476,13,2,27.5
476,14,4,11.2
476,15,4,20.0
476,16,2,25.0
476,17,5,13.0
476,18,3,20.0
476,19,2,25.0
476,20,4,18.8
476,21,4,15.0
476,22,4,13.8
476,23,3,15.0
477,5,2,15.0
477,6,4,13.8
477,7,5,14.0
477,8,5,12.0
477,9,4,15.0
477,10,4,12.5
477,11,2,27.5
477,12,6,12.5
477,13,4,13.8
477,14,6,10.8
477,15,1,20.0
477,16,1,90.0
477,17,3,21.7
477,18,4,15.0
477,19,2,25.0
477,20,4,15.0
477,21,4,18.8
477,22,3,18.3
477,23,4,15.0
478,5,1,
478,6,3,18.3
478,7,5,14.0
478,8,4,15.0
478,9,5,12.0
478,10,4,13.8
478,11,3,18.3
478,12,2,20.0
478,13,2,42.5
478,14,1,50.0
478,15,4,17.5
478,16,4,17.5
478,17,4,15.0
478,18,2,30.0
478,19,4,12.5
478,20,2,20.0
478,21,1,50.0
478,22,1,85.0
478,23,1,45.0
479,2,1,
479,5,2,112.5
479,6,4,16.2
479,7,5,9.0
479,8,5,15.0
479,9,5,12.0
479,10,4,15.0
479,11,4,15.0
479,12,2,12.5
479,13,2,47.5
479,14,4,12.5
479,15,3,16.7
479,16,3,26.7
479,17,5,12.0
479,18,3,20.0
479,19,4,13.8
479,20,2,25.0
479,21,3,13.3
479,22,2,40.0
479,23,1,35.0
480,5,2,15.0
480,6,7,9.3
480,7,6,10.0
480,8,4,15.0
480,9,4,15.0
480,10,5,12.0
480,11,4,15.0
480,12,6,10.0
480,13,3,18.3
480,14,7,9.3
480,15,2,15.0
480,16,2,40.0
480,17,3,21.7
480,18,3,20.0
480,19,4,16.2
480,20,4,15.0
480,21,5,12.0
480,22,2,20.0
480,23,4,18.8
481,0,1,
481,5,2,15.0
481,6,5,13.0
481,7,6,10.0
481,8,5,12.0
481,9,4,15.0
481,10,5,12.0
481,11,3,20.0
481,12,6,10.0
481,13,4,13.8
481,14,4,13.8
481,15,4,15.0
481,16,3,20.0
481,17,4,16.2
481,18,4,15.0
481,19,3,16.7
481,20,3,25.0
481,21,5,12.0
481,22,4,13.8
481,23,6,11.7
482,6,2,45.0
482,7,1,45.0
482,8,1,45.0
482,9,2,45.0
482,10,1,45.0
482,11,1,45.0
482,12,2,45.0
482,13,3,20.0
482,14,1,45.0
482,18,1,
482,19,1,50.0
482,20,1,50.0
483,7,1,
483,8,1,45.0
483,9,2,52.5
483,10,1,45.0
483,11,1,60.0
483,12,2,42.5
483,13,1,45.0
483,14,1,55.0
483,16,1,130.0
483,17,1,40.0
483,18,1,55.0
483,20,1,125.0
483,21,1,60.0
483,22,1,45.0
484,6,1,
484,8,1,120.0
484,12,1,
484,15,1,
484,18,1,150.0
484,21,1,180.0
485,5,1,
485,7,1,125.0
485,11,1,
485,13,1,160.0
485,16,1,180.0
485,19,1,
486,6,5,10.0
486,7,6,10.0
486,8,6,10.0
486,9,6,10.0
486,10,6,10.0
486,11,5,12.0
486,12,4,15.0
486,13,6,10.0
486,14,4,10.0
486,15,2,22.5
486,16,3,23.3
486,17,3,23.3
486,18,3,23.3
486,19,2,25.0
486,20,2,30.0
486,21,2,30.0
486,22,3,23.3
486,23,1,40.0
487,5,2,10.0
487,6,6,10.0
487,7,6,10.0
487,8,6,10.0
487,9,6,10.0
487,10,6,10.0
487,11,3,16.7
487,12,6,11.7
487,13,8,7.5
487,14,2,10.0
487,15,2,52.5
487,16,2,25.0
487,17,3,23.3
487,18,2,30.0
487,19,2,15.0
487,20,2,40.0
487,21,3,23.3
487,22,2,30.0
487,23,1,30.0
488,6,2,45.0
488,7,1,45.0
488,8,1,45.0
488,9,2,45.0
488,10,1,45.0
488,11,1,45.0
488,12,1,75.0
488,13,1,45.0
488,14,1,45.0
488,15,1,50.0
488,16,1,85.0
488,17,1,50.0
488,18,2,50.0
488,19,1,50.0
488,20,1,50.0
488,21,1,55.0
488,22,1,60.0
489,7,1,
489,8,1,50.0
489,9,2,45.0
489,11,2,60.0
489,12,1,45.0
489,13,1,50.0
489,14,2,42.5
489,15,1,45.0
489,16,1,50.0
489,18,2,72.5
489,19,1,55.0
489,20,1,65.0
490,6,3,20.0
490,7,2,30.0
490,8,2,30.0
490,9,2,32.5
490,10,3,20.0
490,11,1,60.0
490,12,1,40.0
490,13,3,20.0
490,14,1,30.0
490,15,3,38.3
490,16,2,27.5
490,17,2,30.0
490,18,1,45.0
490,19,2,27.5
490,20,1,35.0
490,21,2,45.0
490,22,2,30.0
491,5,3,17.5
491,6,3,20.0
491,7,2,30.0
491,8,2,27.5
491,9,3,21.7
491,10,1,55.0
491,11,3,28.3
491,12,2,22.5
491,13,2,27.5
491,14,4,16.2
491,16,2,57.5
491,17,2,35.0
491,18,2,35.0
491,19,1,45.0
491,20,2,37.5
491,21,2,15.0
491,22,2,30.0
492,6,1,
492,8,1,120.0
492,10,1,165.0
492,12,1,105.0
492,15,1,155.0
492,17,1,145.0
492,20,1,150.0
493,6,1,
493,8,1,120.0
493,10,1,125.0
493,13,1,180.0
493,14,1,95.0
493,18,1,
493,19,1,100.0
494,6,2,30.0
494,7,1,20.0
494,8,2,42.5
494,9,1,30.0
494,10,2,45.0
494,11,2,40.0
494,12,2,22.5
494,13,2,32.5
494,14,2,30.0
494,15,1,30.0
494,16,2,42.5
494,17,1,50.0
494,18,1,65.0
494,19,2,42.5
494,20,1,50.0
494,21,1,25.0
494,22,3,31.7
494,23,1,45.0
495,5,3,20.0
495,6,1,65.0
495,7,1,40.0
495,8,1,65.0
495,9,2,37.5
495,10,2,27.5
495,11,2,30.0
495,12,2,30.0
495,13,2,30.0
495,14,2,32.5
495,15,2,20.0
495,17,1,90.0
495,18,2,42.5
495,19,2,40.0
495,20,1,60.0
495,21,1,35.0
495,22,1,45.0
496,6,1,
496,7,1,45.0
496,8,2,37.5
496,9,2,32.5
496,10,1,35.0
496,11,1,45.0
496,12,2,42.5
496,13,2,30.0
496,14,3,20.0
496,15,1,60.0
496,16,2,35.0
496,17,1,30.0
496,18,2,35.0
496,19,2,35.0
496,20,1,40.0
496,21,2,42.5
496,22,1,45.0
497,6,2,40.0
497,7,2,32.5
497,8,1,35.0
497,9,2,37.5
497,10,2,32.5
497,11,1,35.0
497,12,2,45.0
497,13,1,35.0
497,14,3,28.3
497,15,1,40.0
497,16,2,30.0
497,17,2,35.0
497,18,2,35.0
497,19,1,30.0
497,20,1,60.0
497,21,2,40.0
498,6,2,25.0
498,7,1,40.0
498,8,2,42.5
498,9,1,40.0
498,10,1,70.0
498,11,2,32.5
498,13,2,62.5
498,14,1,40.0
498,15,1,65.0
498,17,1,95.0
498,18,1,80.0
498,19,1,95.0
499,6,1,
499,7,2,35.0
499,8,1,40.0
499,9,2,47.5
499,10,1,40.0
499,12,2,65.0
499,13,1,40.0
499,14,1,50.0
499,15,1,70.0
499,17,1,110.0
499,18,1,90.0
499,19,1,60.0
499,21,1,95.0
500,6,3,20.0
500,7,2,30.0
500,8,2,30.0
500,9,2,20.0
500,10,3,26.7
500,12,3,36.7
500,13,2,30.0
500,14,1,20.0
500,15,3,33.3
500,16,2,30.0
500,17,2,30.0
500,18,2,20.0
500,19,3,26.7
500,20,1,70.0
500,21,2,20.0
500,22,3,26.7
501,5,2,20.0
501,6,2,30.0
501,7,2,20.0
501,8,3,26.7
501,9,2,30.0
501,10,2,30.0
501,11,2,20.0
501,12,1,70.0
501,13,2,20.0
501,14,3,26.7
501,15,1,60.0
501,16,2,20.0
501,17,3,26.7
501,18,2,30.0
501,19,2,30.0
501,20,2,20.0
501,21,2,45.0
501,22,1,20.0
502,6,2,20.0
502,7,2,30.0
502,8,2,20.0
502,9,3,26.7
502,10,2,30.0
502,11,1,20.0
502,12,3,36.7
502,13,2,30.0
502,14,1,20.0
502,15,3,33.3
502,16,2,30.0
502,17,2,30.0
502,18,2,20.0
502,19,2,30.0
502,20,1,50.0
502,21,3,26.7
502,22,2,30.0
502,23,1,20.0
503,5,1,
503,6,2,20.0
503,7,3,26.7
503,8,2,30.0
503,9,2,30.0
503,10,2,20.0
503,11,3,26.7
503,12,1,70.0
503,13,2,20.0
503,14,3,26.7
503,15,1,60.0
503,16,2,20.0
503,17,3,26.7
503,18,2,30.0
503,19,2,30.0
503,20,1,20.0
503,21,2,45.0
503,22,2,20.0
504,5,6,6.4
504,6,12,5.3
504,7,12,5.0
504,8,12,5.0
504,9,12,5.0
504,10,6,10.0
504,11,6,9.3
504,12,12,5.3
504,13,6,10.0
504,14,3,20.3
504,15,8,8.0
504,16,8,7.5
504,17,8,7.5
504,18,8,7.5
504,19,5,12.0
504,20,3,18.7
504,21,8,8.0
504,22,5,12.0
505,4,4,6.3
505,5,10,6.4
505,6,12,5.0
505,7,12,5.0
505,8,12,5.0
505,9,8,7.5
505,10,6,9.3
505,11,10,6.4
505,12,10,6.0
505,13,5,10.6
505,14,6,11.3
505,15,6,10.0
505,16,8,7.5
505,17,8,7.5
505,18,6,9.5
505,19,5,12.6
505,20,5,12.0
505,21,6,9.5
505,22,3,6.7
505,23,1,53.0
506,8,1,
506,9,1,90.0
506,10,1,80.0
506,12,1,90.0
507,7,1,
507,8,1,90.0
507,10,1,85.0
507,11,1,85.0
508,6,2,45.0
508,7,1,45.0
508,8,2,40.0
508,9,1,40.0
508,10,1,45.0
508,11,1,60.0
508,12,1,95.0
508,13,1,45.0
508,14,1,60.0
508,15,1,50.0
508,16,1,60.0
508,17,2,32.5
508,18,1,60.0
508,19,1,85.0
508,20,1,50.0
509,5,1,
509,6,1,40.0
509,7,2,40.0
509,8,2,40.0
509,9,1,60.0
509,10,1,50.0
509,11,1,50.0
509,12,2,20.0
509,13,1,65.0
509,14,1,75.0
509,15,1,40.0
509,16,1,60.0
509,18,1,140.0
509,19,1,55.0
509,21,1,125.0
510,6,4,15.0
510,7,4,15.0
510,8,4,15.0
510,9,3,15.0
510,10,5,14.0
510,11,4,15.0
510,12,4,15.0
510,13,4,15.0
510,14,4,15.0
510,15,4,16.2
510,16,2,25.0
510,17,4,15.0
510,18,4,15.0
510,19,1,15.0
510,20,1,110.0
510,21,3,20.0
510,22,4,15.0
510,23,3,18.3
511,10,1,
512,9,1,
513,4,2,15.0
513,5,4,15.0
513,6,4,15.0
513,7,3,20.0
513,8,5,12.0
513,9,5,13.0
513,10,4,15.0
513,11,4,15.0
513,12,3,15.0
513,13,6,11.7
513,14,4,15.0
513,15,4,15.0
513,17,1,75.0
513,18,1,105.0
513,19,3,20.0
513,20,4,15.0
513,21,3,18.3
514,6,1,
514,8,1,140.0
514,10,1,140.0
514,13,1,140.0
514,15,1,140.0
514,17,1,140.0
514,20,1,140.0
515,5,1,
515,7,1,135.0
515,9,1,140.0
515,11,1,140.0
515,13,2,55.0
515,14,1,30.0
515,16,1,140.0
515,18,1,140.0
515,21,1,140.0
516,6,1,
516,10,1,
516,16,1,
517,8,1,
517,14,1,
517,15,1,40.0
518,6,1,
518,8,1,140.0
518,10,1,140.0
518,13,1,140.0
518,15,1,140.0
518,17,1,140.0
518,20,1,140.0
519,5,1,
519,7,1,135.0
519,9,1,140.0
519,11,1,140.0
519,14,1,140.0
519,16,1,140.0
519,18,1,140.0
519,21,1,140.0
520,6,3,15.0
520,7,2,40.0
520,8,2,17.5
520,9,1,45.0
520,10,2,47.5
520,11,2,35.0
520,12,3,20.0
520,13,2,17.5
520,14,1,70.0
520,15,3,25.0
520,16,1,20.0
520,17,1,90.0
520,19,1,95.0
520,20,4,20.0
520,21,2,32.5
520,22,1,40.0
520,23,1,55.0
521,5,2,40.0
521,6,1,60.0
521,7,3,15.0
521,8,2,40.0
521,9,3,18.3
521,10,1,55.0
521,11,3,26.7
521,12,1,35.0
521,13,2,30.0
521,14,3,28.3
521,16,3,33.3
521,17,4,18.8
521,18,2,32.5
521,20,1,115.0
521,21,2,20.0
521,22,1,60.0
522,7,1,
522,9,1,120.0
523,8,1,
523,10,1,125.0
524,6,1,
524,7,1,80.0
524,12,1,
524,15,1,
524,19,1,
525,5,1,
525,8,1,130.0
525,10,1,140.0
525,13,1,
525,18,1,
526,6,1,
526,8,1,130.0
526,10,1,140.0
526,13,1,160.0
526,16,1,
526,18,1,100.0
526,21,1,
527,6,1,
527,8,1,110.0
527,11,1,170.0
527,13,1,145.0
527,15,1,130.0
527,19,1,
527,20,1,90.0
528,7,2,35.0
528,8,1,40.0
528,10,2,67.5
528,11,1,50.0
528,16,1,
528,17,1,55.0
528,20,1,
528,21,1,55.0
529,6,2,40.0
529,7,1,30.0
529,8,1,80.0
529,9,2,42.5
529,12,2,90.0
529,19,1,
529,20,1,50.0
530,6,1,
530,11,1,
530,16,1,
530,20,1,
531,5,1,
531,9,1,
531,14,1,
531,18,1,
532,8,1,
532,11,1,
532,18,1,
532,21,1,
533,9,1,
533,13,1,
533,14,1,10.0
533,19,1,
534,6,1,
534,10,1,
45,6,2,25.0
45,7,1,25.0
45,8,2,37.5
45,9,2,35.0
45,10,1,40.0
45,11,2,37.5
45,12,2,32.5
45,13,1,25.0
45,14,3,25.0
45,15,2,42.5
45,16,1,50.0
45,17,2,35.0
45,18,2,32.5
45,19,1,55.0
45,20,1,25.0
45,21,2,37.5
535,8,1,
535,12,1,
536,9,1,
536,13,1,
537,8,1,
537,11,1,
538,9,1,
538,11,1,135.0
539,8,1,
539,10,1,120.0
540,8,1,
540,15,1,
540,18,1,170.0
540,23,1,
541,6,1,
541,11,1,
541,16,1,
541,21,1,
542,6,1,
542,9,1,180.0
542,13,1,
542,16,1,
542,19,1,
542,21,1,105.0
543,5,1,
543,8,1,165.0
543,11,1,175.0
543,14,1,
543,17,1,
544,5,1,
544,8,1,140.0
544,16,1,
544,18,1,160.0
545,6,1,
545,8,1,155.0
545,11,1,145.0
545,13,2,85.0
545,18,1,
545,21,1,180.0
546,7,1,
546,10,1,
547,9,1,
